"plugin","extension point","is aggregated contract","partNo","verification result ","must exist: ?@adaptableType ","?@class java#implements org.eclipse.core.runtime.IAdapterFactory ","must exist: ?adapter/@type  ","variable ?@adaptableType ","variable ?@class ","variable ?adapter/@type "
"    org.eclipse.jpt.core","anonymous",TRUE,1,"SUCCESS ","SUCCESS ","SUCCESS ","SUCCESS  ","org.eclipse.core.resources.IProject ","org.eclipse.jpt.core.internal.JpaProjectAdapterFactory ","org.eclipse.jpt.core.JpaProject            "
"    org.eclipse.jpt.core","anonymous",TRUE,2,"SUCCESS ","SUCCESS ","SUCCESS ","SUCCESS  ","org.eclipse.jdt.core.IJavaProject ","org.eclipse.jpt.core.internal.JpaProjectAdapterFactory ","org.eclipse.jpt.core.JpaProject            "
"    org.eclipse.rse.processes.ui","anonymous",TRUE,1,"SUCCESS ","SUCCESS ","SUCCESS ","SUCCESS  ","org.eclipse.rse.subsystems.processes.core.subsystem.IRemoteProcess ","org.eclipse.rse.internal.processes.ui.view.SystemViewProcessAdapterFactory ","org.eclipse.rse.ui.view.ISystemViewElementAdapter            "
"    org.eclipse.rse.processes.ui","anonymous",TRUE,2,"SUCCESS ","SUCCESS ","SUCCESS ","SUCCESS  ","org.eclipse.rse.subsystems.processes.core.subsystem.IRemoteProcessSubSystemConfiguration ","org.eclipse.rse.internal.processes.ui.view.RemoteProcessSubSystemConfigurationAdapterFactory ","org.eclipse.rse.ui.subsystems.ISubSystemConfigurationAdapter            "
"    org.eclipse.team.svn.mylyn","anonymous",TRUE,1,"SUCCESS ","SUCCESS ","SUCCESS ","SUCCESS  ","org.eclipse.team.svn.ui.synchronize.SVNChangeSetCollector$SVNCheckedInChangeSet ","org.eclipse.team.svn.mylyn.SVNLinkedTaskInfoAdapterFactory ","org.eclipse.mylyn.team.ui.AbstractTaskReference            "
"    org.eclipse.team.svn.mylyn","anonymous",TRUE,2,"SUCCESS ","SUCCESS ","SUCCESS ","SUCCESS  ","org.eclipse.team.svn.ui.history.model.ILogNode ","org.eclipse.team.svn.mylyn.SVNLinkedTaskInfoAdapterFactory ","org.eclipse.mylyn.team.ui.AbstractTaskReference            "
"    org.eclipse.jst.j2ee.navigator.ui","anonymous",TRUE,1,"SUCCESS ","SUCCESS ","SUCCESS ","SUCCESS  ","org.eclipse.jst.j2ee.common.J2EEEObject ","org.eclipse.jst.j2ee.navigator.internal.J2EEEMFAdapterFactory ","org.eclipse.core.resources.IFile            "
"    org.eclipse.jst.j2ee.navigator.ui","anonymous",TRUE,2,"SUCCESS ","SUCCESS ","SUCCESS ","SUCCESS  ","org.eclipse.jst.j2ee.common.J2EEEAttribute ","org.eclipse.jst.j2ee.navigator.internal.J2EEEMFAdapterFactory ","org.eclipse.core.resources.IFile            "
"    org.eclipse.dltk.launching","anonymous",FALSE,1,"SUCCESS ","SUCCESS ","SUCCESS ","SUCCESS  ","org.eclipse.dltk.core.internal.environment.LocalEnvironment ","org.eclipse.dltk.internal.launching.execution.LocalExecEnvironmentAdapter ","org.eclipse.dltk.core.environment.IExecutionEnvironment            "
"    org.eclipse.rse.terminals.ui","anonymous",TRUE,1,"SUCCESS ","SUCCESS ","SUCCESS ","SUCCESS  ","org.eclipse.rse.subsystems.terminals.core.ITerminalServiceSubSystemConfiguration ","org.eclipse.rse.internal.terminals.ui.configuration.adapter.TerminalServiceSubSystemConfigurationAdapterFactory ","org.eclipse.rse.ui.subsystems.ISubSystemConfigurationAdapter            "
"    org.eclipse.rse.terminals.ui","anonymous",TRUE,2,"SUCCESS ","SUCCESS ","SUCCESS ","SUCCESS  ","org.eclipse.rse.subsystems.terminals.core.elements.TerminalElement ","org.eclipse.rse.internal.terminals.ui.views.TerminalViewElementsAdapterFactory ","org.eclipse.rse.ui.view.ISystemViewElementAdapter            "
"    org.eclipse.datatools.enablement.sybase.ui","anonymous",FALSE,1,"SUCCESS ","SUCCESS ","SUCCESS ","SUCCESS  ","org.eclipse.datatools.connectivity.sqm.core.ui.explorer.providers.content.virtual.VirtualNode ","org.eclipse.datatools.enablement.sybase.ui.VirtualNodeAdapterFactory ","org.eclipse.datatools.enablement.sybase.VirtualNodeAdapter            "
"    org.eclipse.ecf.provider.remoteservice","anonymous",FALSE,1,"SUCCESS ","SUCCESS ","SUCCESS ","SUCCESS  ","org.eclipse.ecf.provider.generic.TCPClientSOContainer ","org.eclipse.ecf.provider.remoteservice.generic.RemoteServiceContainerAdapterFactory ","org.eclipse.ecf.remoteservice.IRemoteServiceContainerAdapter            "
"    org.eclipse.ecf.provider.remoteservice","anonymous",FALSE,1,"SUCCESS ","SUCCESS ","SUCCESS ","SUCCESS  ","org.eclipse.ecf.provider.generic.TCPServerSOContainer ","org.eclipse.ecf.provider.remoteservice.generic.RemoteServiceContainerAdapterFactory ","org.eclipse.ecf.remoteservice.IRemoteServiceContainerAdapter            "
"    org.eclipse.birt.report.debug.ui","anonymous",FALSE,1,"SUCCESS ","SUCCESS ","SUCCESS ","SUCCESS  ","org.eclipse.birt.report.designer.ui.editor.script.DecoratedScriptEditor ","org.eclipse.birt.report.debug.internal.script.model.ScriptBreakpointAdapterFactory ","org.eclipse.debug.ui.actions.IToggleBreakpointsTarget            "
"    org.eclipse.ecf.provider.filetransfer","anonymous",FALSE,1,"SUCCESS ","SUCCESS ","SUCCESS ","SUCCESS  ","org.eclipse.ecf.core.BaseContainer ","org.eclipse.ecf.provider.filetransfer.retrieve.MultiProtocolRetrieveAdapterFactory ","org.eclipse.ecf.filetransfer.IRetrieveFileTransferContainerAdapter            "
"    org.eclipse.ecf.provider.filetransfer","anonymous",FALSE,1,"SUCCESS ","SUCCESS ","SUCCESS ","SUCCESS  ","org.eclipse.ecf.core.BaseContainer ","org.eclipse.ecf.provider.filetransfer.outgoing.MultiProtocolOutgoingAdapterFactory ","org.eclipse.ecf.filetransfer.ISendFileTransferContainerAdapter            "
"    org.eclipse.ecf.provider.filetransfer","anonymous",FALSE,1,"SUCCESS ","SUCCESS ","SUCCESS ","SUCCESS  ","org.eclipse.ecf.core.BaseContainer ","org.eclipse.ecf.provider.filetransfer.browse.MultiProtocolFileSystemBrowserAdapterFactory ","org.eclipse.ecf.filetransfer.IRemoteFileSystemBrowserContainerAdapter            "
"    org.eclipse.rse.subsystems.files.core","anonymous",FALSE,1,"SUCCESS ","SUCCESS ","SUCCESS ","SUCCESS  ","org.eclipse.rse.subsystems.files.core.subsystems.IRemoteFile ","org.eclipse.rse.internal.subsystems.files.core.RemoteFilePermissionsAdapterFactory ","org.eclipse.rse.services.files.IFilePermissionsService            "
"    org.eclipse.jst.j2ee.webservice.ui","anonymous",TRUE,1,"SUCCESS ","SUCCESS ","SUCCESS ","SUCCESS  ","org.eclipse.wst.wsdl.Service ","org.eclipse.jst.j2ee.internal.webservice.WebServiceAdapterFactory ","org.eclipse.core.resources.IResource            "
"    org.eclipse.jst.j2ee.webservice.ui","anonymous",TRUE,2,"SUCCESS ","SUCCESS ","SUCCESS ","SUCCESS  ","org.eclipse.jst.j2ee.webservice.wsclient.ServiceRef ","org.eclipse.jst.j2ee.internal.webservice.WebServiceAdapterFactory ","org.eclipse.core.resources.IResource            "
"    org.eclipse.jst.j2ee.webservice.ui","anonymous",TRUE,3,"SUCCESS ","SUCCESS ","SUCCESS ","SUCCESS  ","org.eclipse.wst.wsdl.util.WSDLResourceImpl ","org.eclipse.jst.j2ee.internal.webservice.WsdlResourceAdapterFactory ","org.eclipse.core.resources.IResource            "
"    org.eclipse.jst.j2ee.webservice.ui","anonymous",TRUE,4,"SUCCESS ","SUCCESS ","SUCCESS ","SUCCESS  ","org.eclipse.jst.j2ee.webservice.wsdd.ServiceImplBean ","org.eclipse.jst.j2ee.internal.webservice.WebServiceAdapterFactory ","org.eclipse.core.resources.IResource            "
"    org.eclipse.team.cvs.core","anonymous",TRUE,1,"SUCCESS ","SUCCESS ","SUCCESS ","SUCCESS  ","org.eclipse.team.internal.ccvs.core.mapping.CVSActiveChangeSet ","org.eclipse.team.internal.ccvs.core.mapping.ChangeSetAdapterFactory ","org.eclipse.core.resources.mapping.ResourceMapping            "
"    org.eclipse.team.cvs.core","anonymous",TRUE,2,"SUCCESS ","SUCCESS ","SUCCESS ","SUCCESS  ","org.eclipse.team.internal.ccvs.core.mapping.CVSCheckedInChangeSet ","org.eclipse.team.internal.ccvs.core.mapping.ChangeSetAdapterFactory ","org.eclipse.core.resources.mapping.ResourceMapping            "
"    org.eclipse.team.cvs.core","anonymous",TRUE,3,"SUCCESS ","SUCCESS ","SUCCESS ","SUCCESS  ","org.eclipse.team.internal.ccvs.core.mapping.UnassignedDiffChangeSet ","org.eclipse.team.internal.ccvs.core.mapping.ChangeSetAdapterFactory ","org.eclipse.core.resources.mapping.ResourceMapping            "
"    org.eclipse.jdt.debug.ui","anonymous",TRUE,1,"SUCCESS ","SUCCESS ","SUCCESS ","SUCCESS  ","org.eclipse.jdt.launching.sourcelookup.containers.PackageFragmentRootSourceContainer ","org.eclipse.jdt.internal.debug.ui.sourcelookup.WorkbenchAdapterFactory ","org.eclipse.ui.model.IWorkbenchAdapter            "
"    org.eclipse.jdt.debug.ui","anonymous",TRUE,2,"SUCCESS ","SUCCESS ","SUCCESS ","SUCCESS  ","org.eclipse.jdt.launching.sourcelookup.containers.JavaProjectSourceContainer ","org.eclipse.jdt.internal.debug.ui.sourcelookup.WorkbenchAdapterFactory ","org.eclipse.ui.model.IWorkbenchAdapter            "
"    org.eclipse.jdt.debug.ui","anonymous",TRUE,3,"SUCCESS ","SUCCESS ","SUCCESS ","SUCCESS  ","org.eclipse.jdt.launching.sourcelookup.containers.ClasspathVariableSourceContainer ","org.eclipse.jdt.internal.debug.ui.sourcelookup.WorkbenchAdapterFactory ","org.eclipse.ui.model.IWorkbenchAdapter            "
"    org.eclipse.jdt.debug.ui","anonymous",TRUE,4,"SUCCESS ","SUCCESS ","SUCCESS ","SUCCESS  ","org.eclipse.jdt.launching.sourcelookup.containers.ClasspathContainerSourceContainer ","org.eclipse.jdt.internal.debug.ui.sourcelookup.WorkbenchAdapterFactory ","org.eclipse.ui.model.IWorkbenchAdapter            "
"    org.eclipse.jdt.debug.ui","anonymous",TRUE,5,"SUCCESS ","SUCCESS ","SUCCESS ","SUCCESS  ","org.eclipse.jdt.internal.launching.VariableClasspathEntry ","org.eclipse.jdt.internal.debug.ui.classpath.VariableClasspathEntryAdapterFactory ","org.eclipse.ui.model.IWorkbenchAdapter            "
"    org.eclipse.jdt.debug.ui","anonymous",TRUE,6,"FAILURE ","SUCCESS ","not an instantiable java type – empty string in class definition","SUCCESS  ","org.eclipse.jdt.core.IJavaElement "," ","org.eclipse.debug.ui.actions.ILaunchable            "
"    org.eclipse.jdt.debug.ui","anonymous",TRUE,7,"UNKNOWN ","null ","null ","null  ","org.eclipse.core.resources.IResource "," ","org.eclipse.debug.ui.actions.ILaunchable            "
"    org.eclipse.jdt.debug.ui","anonymous",TRUE,8,"UNKNOWN ","null ","null ","null  ","org.eclipse.jdt.internal.ui.javaeditor.IClassFileEditorInput "," ","org.eclipse.debug.ui.actions.ILaunchable            "
"    org.eclipse.jdt.debug.ui","anonymous",TRUE,9,"UNKNOWN ","null ","null ","null  ","org.eclipse.jdt.internal.ui.javaeditor.CompilationUnitEditor ","org.eclipse.jdt.internal.debug.ui.actions.RetargettableActionAdapterFactory ","org.eclipse.debug.ui.actions.IRunToLineTarget            "
"    org.eclipse.jdt.debug.ui","anonymous",TRUE,10,"UNKNOWN ","null ","null ","null  ","org.eclipse.jdt.internal.ui.javaeditor.ClassFileEditor ","org.eclipse.jdt.internal.debug.ui.actions.RetargettableActionAdapterFactory ","org.eclipse.debug.ui.actions.IRunToLineTarget            "
"    org.eclipse.jdt.debug.ui","anonymous",TRUE,11,"UNKNOWN ","null ","null ","null  ","org.eclipse.jdt.core.IMethod ","org.eclipse.jdt.internal.debug.ui.actions.RetargettableActionAdapterFactory ","org.eclipse.debug.ui.actions.IToggleBreakpointsTarget            "
"    org.eclipse.jdt.debug.ui","anonymous",TRUE,12,"UNKNOWN ","null ","null ","null  ","org.eclipse.jdt.core.IField ","org.eclipse.jdt.internal.debug.ui.actions.RetargettableActionAdapterFactory ","org.eclipse.debug.ui.actions.IToggleBreakpointsTarget            "
"    org.eclipse.jdt.debug.ui","anonymous",TRUE,13,"UNKNOWN ","null ","null ","null  ","org.eclipse.jdt.debug.core.IJavaFieldVariable ","org.eclipse.jdt.internal.debug.ui.actions.RetargettableActionAdapterFactory ","org.eclipse.debug.ui.actions.IToggleBreakpointsTarget            "
"    org.eclipse.jdt.debug.ui","anonymous",TRUE,14,"UNKNOWN ","null ","null ","null  ","org.eclipse.jdt.debug.core.IJavaStackFrame ","org.eclipse.jdt.internal.debug.ui.variables.JavaDebugElementAdapterFactory ","org.eclipse.debug.internal.ui.viewers.model.provisional.IElementMementoProvider            "
"    org.eclipse.wst.common.project.facet.ui","anonymous",FALSE,1,"SUCCESS ","SUCCESS ","SUCCESS ","SUCCESS  ","org.eclipse.wst.common.project.facet.core.IProjectFacet ","org.eclipse.wst.common.project.facet.ui.internal.DecorationsProvider$Factory ","org.eclipse.wst.common.project.facet.ui.IDecorationsProvider            "
"    org.eclipse.wst.common.project.facet.ui","anonymous",FALSE,1,"SUCCESS ","SUCCESS ","SUCCESS ","SUCCESS  ","org.eclipse.wst.common.project.facet.core.ICategory ","org.eclipse.wst.common.project.facet.ui.internal.DecorationsProvider$Factory ","org.eclipse.wst.common.project.facet.ui.IDecorationsProvider            "
"    org.eclipse.wst.common.project.facet.ui","anonymous",FALSE,1,"SUCCESS ","SUCCESS ","SUCCESS ","SUCCESS  ","org.eclipse.wst.common.project.facet.core.runtime.IRuntimeComponentVersion ","org.eclipse.wst.common.project.facet.ui.internal.DecorationsProvider$Factory ","org.eclipse.wst.common.project.facet.ui.IDecorationsProvider            "
"    org.eclipse.wst.common.project.facet.ui","anonymous",FALSE,1,"SUCCESS ","SUCCESS ","SUCCESS ","SUCCESS  ","org.eclipse.wst.common.project.facet.core.runtime.IRuntime ","org.eclipse.wst.common.project.facet.ui.internal.RuntimeDecorationsProvider$Factory ","org.eclipse.wst.common.project.facet.ui.IDecorationsProvider            "
"    org.eclipse.wst.common.project.facet.ui","anonymous",FALSE,1,"SUCCESS ","SUCCESS ","SUCCESS ","SUCCESS  ","org.eclipse.wst.common.project.facet.core.IFacetedProject ","org.eclipse.wst.common.project.facet.ui.internal.FacetedProjectActionFilter$Factory ","org.eclipse.ui.IActionFilter            "
"    org.eclipse.gef","anonymous",FALSE,1,"SUCCESS ","SUCCESS ","SUCCESS ","SUCCESS  ","org.eclipse.gef.editparts.AbstractEditPart ","org.eclipse.gef.internal.PropertySourceAdapterFactory ","org.eclipse.ui.views.properties.IPropertySource            "
"    org.eclipse.search","anonymous",FALSE,1,"SUCCESS ","SUCCESS ","SUCCESS ","SUCCESS  ","org.eclipse.search.ui.ISearchResultViewEntry ","org.eclipse.search.internal.ui.SearchResultViewEntryAdapterFactory ","org.eclipse.core.resources.IResource            "
"    org.eclipse.wst.common.modulecore","anonymous",FALSE,1,"SUCCESS ","SUCCESS ","SUCCESS ","SUCCESS  ","org.eclipse.wst.common.frameworks.datamodel.IDataModel ","org.eclipse.wst.common.componentcore.datamodel.FacetDataModelConfigAdapter$Factory ","org.eclipse.wst.common.project.facet.core.ActionConfig            "
"    org.eclipse.jst.jee.ui","anonymous",TRUE,1,"SUCCESS ","SUCCESS ","SUCCESS ","SUCCESS  ","org.eclipse.core.resources.IProject ","org.eclipse.jst.jee.ui.internal.deployables.EnterpriseDeployableArtifactAdapterFactory ","org.eclipse.debug.ui.actions.ILaunchable            "
"    org.eclipse.jst.jee.ui","anonymous",TRUE,2,"SUCCESS ","SUCCESS ","SUCCESS ","SUCCESS  ","org.eclipse.core.resources.IFile ","org.eclipse.jst.jee.ui.internal.deployables.EnterpriseDeployableArtifactAdapterFactory ","org.eclipse.debug.ui.actions.ILaunchable            "
"    org.eclipse.jst.jee.ui","anonymous",TRUE,3,"SUCCESS ","SUCCESS ","SUCCESS ","SUCCESS  ","org.eclipse.jst.javaee.application.Application ","org.eclipse.jst.jee.ui.internal.deployables.EnterpriseDeployableArtifactAdapterFactory ","org.eclipse.debug.ui.actions.ILaunchable            "
"    org.eclipse.jst.jee.ui","anonymous",TRUE,4,"SUCCESS ","SUCCESS ","SUCCESS ","SUCCESS  ","org.eclipse.jst.jee.ui.internal.navigator.ear.GroupEARProvider ","org.eclipse.jst.jee.ui.internal.deployables.EnterpriseDeployableArtifactAdapterFactory ","org.eclipse.debug.ui.actions.ILaunchable            "
"    org.eclipse.jst.jee.ui","anonymous",TRUE,1,"SUCCESS ","SUCCESS ","SUCCESS ","SUCCESS  ","org.eclipse.core.resources.IProject ","org.eclipse.jst.jee.ui.internal.deployables.WebDeployableArtifactAdapterFactory ","org.eclipse.debug.ui.actions.ILaunchable            "
"    org.eclipse.jst.jee.ui","anonymous",TRUE,2,"SUCCESS ","SUCCESS ","SUCCESS ","SUCCESS  ","org.eclipse.jdt.core.ICompilationUnit ","org.eclipse.jst.jee.ui.internal.deployables.WebDeployableArtifactAdapterFactory ","org.eclipse.debug.ui.actions.ILaunchable            "
"    org.eclipse.jst.jee.ui","anonymous",TRUE,3,"SUCCESS ","SUCCESS ","SUCCESS ","SUCCESS  ","org.eclipse.core.resources.IFile ","org.eclipse.jst.jee.ui.internal.deployables.WebDeployableArtifactAdapterFactory ","org.eclipse.debug.ui.actions.ILaunchable            "
"    org.eclipse.jst.jee.ui","anonymous",TRUE,4,"SUCCESS ","SUCCESS ","SUCCESS ","SUCCESS  ","org.eclipse.jst.javaee.web.Servlet ","org.eclipse.jst.jee.ui.internal.deployables.WebDeployableArtifactAdapterFactory ","org.eclipse.debug.ui.actions.ILaunchable            "
"    org.eclipse.jst.jee.ui","anonymous",TRUE,5,"SUCCESS ","SUCCESS ","SUCCESS ","SUCCESS  ","org.eclipse.jst.javaee.web.WebApp ","org.eclipse.jst.jee.ui.internal.deployables.WebDeployableArtifactAdapterFactory ","org.eclipse.debug.ui.actions.ILaunchable            "
"    org.eclipse.jst.jee.ui","anonymous",TRUE,1,"SUCCESS ","SUCCESS ","SUCCESS ","SUCCESS  ","org.eclipse.core.resources.IProject ","org.eclipse.jst.jee.ui.internal.deployables.EJBDeployableArtifactAdapterFactory ","org.eclipse.debug.ui.actions.ILaunchable            "
"    org.eclipse.jst.jee.ui","anonymous",TRUE,2,"SUCCESS ","SUCCESS ","SUCCESS ","SUCCESS  ","org.eclipse.jdt.core.ICompilationUnit ","org.eclipse.jst.jee.ui.internal.deployables.EJBDeployableArtifactAdapterFactory ","org.eclipse.debug.ui.actions.ILaunchable            "
"    org.eclipse.jst.jee.ui","anonymous",TRUE,3,"SUCCESS ","SUCCESS ","SUCCESS ","SUCCESS  ","org.eclipse.core.resources.IFile ","org.eclipse.jst.jee.ui.internal.deployables.EJBDeployableArtifactAdapterFactory ","org.eclipse.debug.ui.actions.ILaunchable            "
"    org.eclipse.jst.jee.ui","anonymous",TRUE,4,"SUCCESS ","SUCCESS ","SUCCESS ","SUCCESS  ","org.eclipse.jst.javaee.ejb.EJBJar ","org.eclipse.jst.jee.ui.internal.deployables.EJBDeployableArtifactAdapterFactory ","org.eclipse.debug.ui.actions.ILaunchable            "
"    org.eclipse.jst.jee.ui","anonymous",TRUE,5,"SUCCESS ","SUCCESS ","SUCCESS ","SUCCESS  ","org.eclipse.jst.javaee.ejb.SessionBean ","org.eclipse.jst.jee.ui.internal.deployables.EJBDeployableArtifactAdapterFactory ","org.eclipse.debug.ui.actions.ILaunchable            "
"    org.eclipse.jst.jee.ui","anonymous",TRUE,6,"SUCCESS ","SUCCESS ","SUCCESS ","SUCCESS  ","org.eclipse.jst.javaee.ejb.MessageDrivenBean ","org.eclipse.jst.jee.ui.internal.deployables.EJBDeployableArtifactAdapterFactory ","org.eclipse.debug.ui.actions.ILaunchable            "
"    org.eclipse.jst.jee.ui","anonymous",TRUE,7,"SUCCESS ","SUCCESS ","SUCCESS ","SUCCESS  ","org.eclipse.jst.javaee.ejb.EntityBean ","org.eclipse.jst.jee.ui.internal.deployables.EJBDeployableArtifactAdapterFactory ","org.eclipse.debug.ui.actions.ILaunchable            "
"    org.eclipse.jst.jee.ui","anonymous",TRUE,1,"SUCCESS ","SUCCESS ","SUCCESS ","SUCCESS  ","org.eclipse.jst.jee.ui.internal.navigator.ejb.GroupEJBProvider ","org.eclipse.jst.jee.ui.internal.deployables.EnterpriseDeployableArtifactAdapterFactory ","org.eclipse.debug.ui.actions.ILaunchable            "
"    org.eclipse.jst.jee.ui","anonymous",TRUE,2,"SUCCESS ","SUCCESS ","SUCCESS ","SUCCESS  ","org.eclipse.jst.javaee.core.JavaEEObject ","org.eclipse.jst.jee.ui.internal.deployables.EnterpriseDeployableArtifactAdapterFactory ","org.eclipse.debug.ui.actions.ILaunchable            "
"    org.eclipse.jst.jee.ui","anonymous",TRUE,3,"SUCCESS ","SUCCESS ","SUCCESS ","SUCCESS  ","org.eclipse.jst.jee.ui.internal.navigator.web.WebAppProvider ","org.eclipse.jst.jee.ui.internal.deployables.EnterpriseDeployableArtifactAdapterFactory ","org.eclipse.debug.ui.actions.ILaunchable            "
"    org.eclipse.jst.jee.ui","anonymous",TRUE,4,"SUCCESS ","SUCCESS ","SUCCESS ","SUCCESS  ","org.eclipse.jst.javaee.core.JavaEEObject ","org.eclipse.jst.j2ee.navigator.internal.J2EEEMFAdapterFactory ","org.eclipse.core.resources.IResource            "
"    org.eclipse.rse.shells.ui","anonymous",TRUE,1,"SUCCESS ","SUCCESS ","SUCCESS ","SUCCESS  ","org.eclipse.rse.subsystems.shells.core.subsystems.IRemoteError ","org.eclipse.rse.internal.shells.ui.view.SystemViewOutputAdapterFactory ","org.eclipse.rse.ui.view.ISystemViewElementAdapter            "
"    org.eclipse.rse.shells.ui","anonymous",TRUE,2,"SUCCESS ","SUCCESS ","SUCCESS ","SUCCESS  ","org.eclipse.rse.subsystems.shells.core.subsystems.IRemoteOutput ","org.eclipse.rse.internal.shells.ui.view.SystemViewOutputAdapterFactory ","org.eclipse.rse.ui.view.ISystemViewElementAdapter            "
"    org.eclipse.rse.shells.ui","anonymous",TRUE,3,"SUCCESS ","SUCCESS ","SUCCESS ","SUCCESS  ","org.eclipse.rse.subsystems.shells.core.subsystems.IRemoteCommandShell ","org.eclipse.rse.internal.shells.ui.view.SystemViewOutputAdapterFactory ","org.eclipse.rse.ui.view.ISystemViewElementAdapter            "
"    org.eclipse.rse.shells.ui","anonymous",TRUE,4,"SUCCESS ","SUCCESS ","SUCCESS ","SUCCESS  ","org.eclipse.rse.subsystems.shells.core.subsystems.servicesubsystem.IShellServiceSubSystemConfiguration ","org.eclipse.rse.internal.shells.ui.view.ShellServiceSubSystemConfigurationAdapterFactory ","org.eclipse.rse.ui.subsystems.ISubSystemConfigurationAdapter            "
"    org.eclipse.ecf.presence.ui","anonymous",TRUE,1,"SUCCESS ","SUCCESS ","SUCCESS ","SUCCESS  ","org.eclipse.ecf.presence.roster.IRoster ","org.eclipse.ecf.presence.ui.RosterWorkbenchAdapterFactory ","org.eclipse.ui.model.IWorkbenchAdapter            "
"    org.eclipse.ecf.presence.ui","anonymous",TRUE,2,"SUCCESS ","SUCCESS ","SUCCESS ","SUCCESS  ","org.eclipse.ecf.presence.roster.IRosterGroup ","org.eclipse.ecf.presence.ui.RosterWorkbenchAdapterFactory ","org.eclipse.ui.model.IWorkbenchAdapter            "
"    org.eclipse.ecf.presence.ui","anonymous",TRUE,3,"SUCCESS ","SUCCESS ","SUCCESS ","SUCCESS  ","org.eclipse.ecf.presence.roster.IRosterEntry ","org.eclipse.ecf.presence.ui.RosterWorkbenchAdapterFactory ","org.eclipse.ui.model.IWorkbenchAdapter            "
"    org.eclipse.ecf.presence.ui","anonymous",TRUE,4,"SUCCESS ","SUCCESS ","SUCCESS ","SUCCESS  ","org.eclipse.ecf.presence.roster.IRosterItem ","org.eclipse.ecf.presence.ui.RosterWorkbenchAdapterFactory ","org.eclipse.ui.model.IWorkbenchAdapter            "
"    org.eclipse.ecf.presence.ui","anonymous",TRUE,5,"SUCCESS ","SUCCESS ","SUCCESS ","SUCCESS  ","org.eclipse.ecf.presence.roster.IRoster ","org.eclipse.ecf.presence.ui.RosterWorkbenchAdapter2Factory ","org.eclipse.ui.model.IWorkbenchAdapter2            "
"    org.eclipse.ecf.presence.ui","anonymous",TRUE,6,"SUCCESS ","SUCCESS ","SUCCESS ","SUCCESS  ","org.eclipse.ecf.presence.roster.IRosterGroup ","org.eclipse.ecf.presence.ui.RosterWorkbenchAdapter2Factory ","org.eclipse.ui.model.IWorkbenchAdapter2            "
"    org.eclipse.ecf.presence.ui","anonymous",TRUE,7,"SUCCESS ","SUCCESS ","SUCCESS ","SUCCESS  ","org.eclipse.ecf.presence.roster.IRosterEntry ","org.eclipse.ecf.presence.ui.RosterWorkbenchAdapter2Factory ","org.eclipse.ui.model.IWorkbenchAdapter2            "
"    org.eclipse.ecf.presence.ui","anonymous",TRUE,8,"SUCCESS ","SUCCESS ","SUCCESS ","SUCCESS  ","org.eclipse.ecf.presence.roster.IRosterItem ","org.eclipse.ecf.presence.ui.RosterWorkbenchAdapter2Factory ","org.eclipse.ui.model.IWorkbenchAdapter2            "
"    org.eclipse.ant.ui","anonymous",TRUE,1,"FAILURE ","SUCCESS ","not an instantiable java type – empty string in class definition","SUCCESS  ","org.eclipse.ant.internal.ui.model.AntTaskNode "," ","org.eclipse.debug.ui.actions.ILaunchable            "
"    org.eclipse.ant.ui","anonymous",TRUE,2,"UNKNOWN ","null ","null ","null  ","org.eclipse.ant.internal.ui.model.AntTargetNode "," ","org.eclipse.debug.ui.actions.ILaunchable            "
"    org.eclipse.ant.ui","anonymous",TRUE,3,"UNKNOWN ","null ","null ","null  ","org.eclipse.ant.internal.ui.model.AntProjectNode "," ","org.eclipse.debug.ui.actions.ILaunchable            "
"    org.eclipse.ant.ui","anonymous",TRUE,4,"UNKNOWN ","null ","null ","null  ","org.eclipse.core.resources.IFile "," ","org.eclipse.debug.ui.actions.ILaunchable            "
"    org.eclipse.ant.ui","anonymous",TRUE,5,"UNKNOWN ","null ","null ","null  ","org.eclipse.ui.IPathEditorInput "," ","org.eclipse.debug.ui.actions.ILaunchable            "
"    org.eclipse.mylyn.team.cvs","anonymous",FALSE,1,"SUCCESS ","SUCCESS ","SUCCESS ","SUCCESS  ","org.eclipse.team.internal.ccvs.core.client.listeners.LogEntry ","org.eclipse.mylyn.internal.team.ccvs.CvsLinkedTaskInfoAdapterFactory ","org.eclipse.mylyn.team.ui.AbstractTaskReference            "
"    org.eclipse.mylyn.team.cvs","anonymous",FALSE,1,"SUCCESS ","SUCCESS ","SUCCESS ","SUCCESS  ","org.eclipse.mylyn.internal.team.ccvs.CvsContextChangeSet ","org.eclipse.mylyn.internal.team.ccvs.CvsChangeSetAdapterFactory ","org.eclipse.core.resources.mapping.ResourceMapping            "
"    org.eclipse.team.core","anonymous",FALSE,1,"SUCCESS ","SUCCESS ","SUCCESS ","SUCCESS  ","org.eclipse.core.resources.mapping.ModelProvider ","org.eclipse.team.internal.core.AdapterFactory ","org.eclipse.core.resources.mapping.ResourceMapping            "
"    org.eclipse.rse.files.ui","anonymous",TRUE,1,"SUCCESS ","SUCCESS ","SUCCESS ","SUCCESS  ","org.eclipse.rse.subsystems.files.core.subsystems.IRemoteFile ","org.eclipse.rse.internal.files.ui.view.SystemViewFileAdapterFactory ","org.eclipse.rse.ui.view.ISystemViewElementAdapter            "
"    org.eclipse.rse.files.ui","anonymous",TRUE,2,"SUCCESS ","SUCCESS ","SUCCESS ","SUCCESS  ","org.eclipse.rse.services.search.IHostSearchResultSet ","org.eclipse.rse.internal.files.ui.view.SystemViewSearchResultSetAdapterFactory ","org.eclipse.rse.ui.view.ISystemViewElementAdapter            "
"    org.eclipse.rse.files.ui","anonymous",TRUE,3,"SUCCESS ","SUCCESS ","SUCCESS ","SUCCESS  ","org.eclipse.rse.services.search.IHostSearchResult ","org.eclipse.rse.internal.files.ui.view.SystemViewSearchResultAdapterFactory ","org.eclipse.rse.ui.view.ISystemViewElementAdapter            "
"    org.eclipse.rse.files.ui","anonymous",TRUE,4,"SUCCESS ","SUCCESS ","SUCCESS ","SUCCESS  ","org.eclipse.rse.subsystems.files.core.subsystems.IRemoteFileSubSystemConfiguration ","org.eclipse.rse.internal.files.ui.view.RemoteFileSubSystemConfigurationAdapterFactory ","org.eclipse.rse.ui.subsystems.ISubSystemConfigurationAdapter            "
"    org.eclipse.wst.web","anonymous",FALSE,1,"SUCCESS ","SUCCESS ","SUCCESS ","SUCCESS  ","org.eclipse.core.resources.IProject ","org.eclipse.wst.web.internal.deployables.StaticWebDeployableObjectAdapter ","org.eclipse.wst.web.internal.deployables.IStaticWebModuleArtifact            "
"    org.eclipse.equinox.p2.ui","anonymous",FALSE,1,"SUCCESS ","SUCCESS ","SUCCESS ","SUCCESS  ","org.eclipse.equinox.internal.p2.ui.model.ProvElement ","org.eclipse.equinox.internal.p2.ui.ProvUIAdapterFactory ","org.eclipse.equinox.internal.provisional.p2.metadata.IInstallableUnit            "
"    org.eclipse.dltk.debug.ui","anonymous",TRUE,1,"FAILURE ","SUCCESS ","not an instantiable java type – empty string in class definition","SUCCESS  ","org.eclipse.dltk.core.IModelElement "," ","org.eclipse.debug.ui.actions.ILaunchable            "
"    org.eclipse.dltk.debug.ui","anonymous",TRUE,2,"UNKNOWN ","null ","null ","null  ","org.eclipse.core.resources.IResource "," ","org.eclipse.debug.ui.actions.ILaunchable            "
"    org.eclipse.dltk.debug.ui","anonymous",TRUE,3,"UNKNOWN ","null ","null ","null  ","org.eclipse.dltk.internal.ui.editor.ExternalStorageEditorInput "," ","org.eclipse.debug.ui.actions.ILaunchable            "
"    org.eclipse.mylyn.tasks.ui","anonymous",FALSE,1,"SUCCESS ","SUCCESS ","SUCCESS ","SUCCESS  ","org.eclipse.mylyn.internal.tasks.core.AbstractTaskContainer ","org.eclipse.mylyn.internal.tasks.ui.search.SearchScoreComputerAdapterFactory ","org.eclipse.search.ui.ISearchPageScoreComputer            "
"    org.eclipse.mylyn.tasks.ui","anonymous",TRUE,1,"SUCCESS ","SUCCESS ","SUCCESS ","SUCCESS  ","org.eclipse.mylyn.internal.tasks.core.AbstractTaskContainer ","org.eclipse.mylyn.internal.tasks.ui.workingsets.TaskWorkingSetAdapterFactory ","org.eclipse.ui.IPersistableElement            "
"    org.eclipse.mylyn.tasks.ui","anonymous",TRUE,2,"SUCCESS ","SUCCESS ","SUCCESS ","SUCCESS  ","org.eclipse.mylyn.tasks.core.TaskRepository ","org.eclipse.mylyn.internal.tasks.ui.TaskRepositoryAdapterFactory ","org.eclipse.ui.IActionFilter            "
"    org.eclipse.mylyn.tasks.ui","anonymous",TRUE,3,"SUCCESS ","SUCCESS ","SUCCESS ","SUCCESS  ","org.eclipse.mylyn.tasks.ui.editors.TaskEditorInput ","org.eclipse.mylyn.internal.tasks.ui.TasksAdapterFactory ","org.eclipse.mylyn.tasks.core.ITask            "
"    org.eclipse.mylyn.tasks.ui","anonymous",TRUE,4,"SUCCESS ","SUCCESS ","SUCCESS ","SUCCESS  ","org.eclipse.mylyn.tasks.core.ITaskAttachment ","org.eclipse.mylyn.internal.tasks.ui.TasksAdapterFactory ","org.eclipse.mylyn.tasks.core.ITask            "
"    org.tigris.subversion.subclipse.ui","anonymous",FALSE,1,"SUCCESS ","SUCCESS ","SUCCESS ","SUCCESS  ","org.tigris.subversion.subclipse.core.SVNTeamProvider ","org.tigris.subversion.subclipse.ui.repository.model.SVNAdapterFactory ","org.eclipse.team.ui.history.IHistoryPageSource            "
"    org.eclipse.jst.servlet.ui","anonymous",TRUE,1,"SUCCESS ","SUCCESS ","SUCCESS ","SUCCESS  ","org.eclipse.core.resources.IProject ","org.eclipse.jst.servlet.ui.internal.deployables.WebDeployableArtifactAdapterFactory ","org.eclipse.debug.ui.actions.ILaunchable            "
"    org.eclipse.jst.servlet.ui","anonymous",TRUE,2,"SUCCESS ","SUCCESS ","SUCCESS ","SUCCESS  ","org.eclipse.jdt.core.ICompilationUnit ","org.eclipse.jst.servlet.ui.internal.deployables.WebDeployableArtifactAdapterFactory ","org.eclipse.debug.ui.actions.ILaunchable            "
"    org.eclipse.jst.servlet.ui","anonymous",TRUE,3,"SUCCESS ","SUCCESS ","SUCCESS ","SUCCESS  ","org.eclipse.core.resources.IFile ","org.eclipse.jst.servlet.ui.internal.deployables.WebDeployableArtifactAdapterFactory ","org.eclipse.debug.ui.actions.ILaunchable            "
"    org.eclipse.jst.servlet.ui","anonymous",TRUE,4,"SUCCESS ","SUCCESS ","SUCCESS ","SUCCESS  ","org.eclipse.jst.j2ee.webapplication.Servlet ","org.eclipse.jst.servlet.ui.internal.deployables.WebDeployableArtifactAdapterFactory ","org.eclipse.debug.ui.actions.ILaunchable            "
"    org.eclipse.jst.servlet.ui","anonymous",TRUE,5,"SUCCESS ","SUCCESS ","SUCCESS ","SUCCESS  ","org.eclipse.jst.j2ee.webapplication.WebApp ","org.eclipse.jst.servlet.ui.internal.deployables.WebDeployableArtifactAdapterFactory ","org.eclipse.debug.ui.actions.ILaunchable            "
"    org.eclipse.jst.servlet.ui","anonymous",TRUE,6,"SUCCESS ","SUCCESS ","SUCCESS ","SUCCESS  ","org.eclipse.jst.server.core.Servlet ","org.eclipse.jst.servlet.ui.internal.deployables.WebDeployableArtifactAdapterFactory ","org.eclipse.debug.ui.actions.ILaunchable            "
"    org.eclipse.jst.servlet.ui","anonymous",FALSE,1,"SUCCESS ","SUCCESS ","SUCCESS ","SUCCESS  ","org.eclipse.jst.servlet.ui.internal.navigator.CompressedJavaProject ","org.eclipse.jst.servlet.ui.internal.navigator.CompressedNodeAdapterFactory ","org.eclipse.jdt.core.IJavaProject            "
"    org.eclipse.jst.common.frameworks","anonymous",FALSE,1,"SUCCESS ","SUCCESS ","SUCCESS ","SUCCESS  ","org.eclipse.jst.common.project.facet.core.JavaFacetInstallConfig ","org.eclipse.jst.common.project.facet.internal.JavaFacetInstallConfigToDataModelAdapter ","org.eclipse.wst.common.frameworks.datamodel.IDataModel            "
"    org.eclipse.jst.common.frameworks","anonymous",FALSE,1,"SUCCESS ","SUCCESS ","SUCCESS ","SUCCESS  ","org.eclipse.wst.common.frameworks.datamodel.IDataModel ","org.eclipse.jst.common.project.facet.internal.DataModelToJavaFacetInstallConfigAdapter ","org.eclipse.jst.common.project.facet.core.JavaFacetInstallConfig            "
"    org.eclipse.wst.internet.monitor.ui","anonymous",FALSE,1,"SUCCESS ","SUCCESS ","SUCCESS ","SUCCESS  ","org.eclipse.wst.internet.monitor.core.internal.provisional.Request ","org.eclipse.wst.internet.monitor.ui.internal.RequestAdapterFactory ","org.eclipse.ui.IActionFilter            "
"    org.eclipse.jpt.ui","anonymous",TRUE,1,"SUCCESS ","SUCCESS ","SUCCESS ","SUCCESS  ","org.eclipse.ui.IWorkbenchPart ","org.eclipse.jpt.ui.internal.selection.SelectionParticipantFactory ","org.eclipse.jpt.ui.internal.selection.JpaSelectionParticipant            "
"    org.eclipse.jpt.ui","anonymous",TRUE,2,"SUCCESS ","SUCCESS ","SUCCESS ","SUCCESS  ","org.eclipse.ui.IEditorPart ","org.eclipse.jpt.ui.internal.JpaFileAdapterFactory ","org.eclipse.jpt.core.JpaFile            "
"    org.eclipse.team.cvs.ui","anonymous",TRUE,1,"SUCCESS ","SUCCESS ","SUCCESS ","SUCCESS  ","org.eclipse.team.internal.ccvs.core.filehistory.CVSFileHistoryProvider ","org.eclipse.team.internal.ccvs.ui.model.CVSAdapterFactory ","org.eclipse.team.ui.history.IHistoryPageSource            "
"    org.eclipse.team.cvs.ui","anonymous",TRUE,2,"SUCCESS ","SUCCESS ","SUCCESS ","SUCCESS  ","org.eclipse.team.internal.ccvs.core.ICVSRemoteFile ","org.eclipse.team.internal.ccvs.ui.model.CVSAdapterFactory ","org.eclipse.team.ui.history.IHistoryPageSource            "
"    org.eclipse.team.cvs.ui","anonymous",TRUE,3,"SUCCESS ","SUCCESS ","SUCCESS ","SUCCESS  ","org.eclipse.team.internal.ccvs.core.filehistory.CVSFileRevision ","org.eclipse.team.internal.ccvs.ui.model.CVSAdapterFactory ","org.eclipse.team.ui.history.IHistoryPageSource            "
"    org.eclipse.team.cvs.ui","anonymous",TRUE,4,"SUCCESS ","SUCCESS ","SUCCESS ","SUCCESS  ","org.eclipse.team.internal.ccvs.core.filehistory.CVSLocalFileRevision ","org.eclipse.team.internal.ccvs.ui.model.CVSAdapterFactory ","org.eclipse.team.ui.history.IHistoryPageSource            "
"    org.eclipse.team.cvs.ui","anonymous",TRUE,5,"SUCCESS ","SUCCESS ","SUCCESS ","SUCCESS  ","org.eclipse.team.internal.ccvs.core.mapping.ChangeSetModelProvider ","org.eclipse.team.internal.ccvs.ui.model.CVSAdapterFactory ","org.eclipse.team.ui.mapping.ISynchronizationCompareAdapter            "
"    org.eclipse.team.cvs.ui","anonymous",TRUE,6,"SUCCESS ","SUCCESS ","SUCCESS ","SUCCESS  ","org.eclipse.team.internal.ccvs.core.CVSTeamProviderType ","org.eclipse.team.internal.ccvs.ui.model.CVSAdapterFactory ","org.eclipse.team.ui.mapping.ITeamStateProvider            "
"    org.eclipse.ui.ide","org.eclipse.ui.ide.org.eclipse.ui.ide.resourceMappingAdapters",TRUE,1,"SUCCESS ","SUCCESS ","SUCCESS ","SUCCESS  ","org.eclipse.ui.IWorkingSet ","org.eclipse.ui.internal.ide.model.WorkingSetAdapterFactory ","org.eclipse.ui.IContributorResourceAdapter            "
"    org.eclipse.ui.ide","org.eclipse.ui.ide.org.eclipse.ui.ide.resourceMappingAdapters",TRUE,2,"SUCCESS ","SUCCESS ","SUCCESS ","SUCCESS  ","org.eclipse.ui.IWorkingSet ","org.eclipse.ui.internal.ide.model.WorkingSetAdapterFactory ","org.eclipse.ui.model.IWorkbenchAdapter            "
"    org.eclipse.ui.ide","org.eclipse.ui.ide.org.eclipse.ui.ide.resourceMappingAdapters",TRUE,3,"SUCCESS ","SUCCESS ","SUCCESS ","SUCCESS  ","org.eclipse.ui.IWorkingSet ","org.eclipse.ui.internal.ide.model.WorkingSetAdapterFactory ","org.eclipse.core.resources.mapping.ResourceMapping            "
"    org.eclipse.ui.ide","org.eclipse.ui.ide.org.eclipse.ui.ide.resourceMappingAdapters",TRUE,4,"SUCCESS ","SUCCESS ","SUCCESS ","SUCCESS  ","org.eclipse.ui.IURIEditorInput ","org.eclipse.ui.internal.ide.IURIEditorInputAdapterFactory ","org.eclipse.ui.IPathEditorInput            "
"    org.eclipse.ui.ide","org.eclipse.ui.ide.org.eclipse.ui.ide.resourceMappingAdapters",TRUE,5,"SUCCESS ","SUCCESS ","SUCCESS ","SUCCESS  ","org.eclipse.ui.IFileEditorInput ","org.eclipse.ui.internal.ide.model.FileInputAdapterFactory ","org.eclipse.core.resources.IFile            "
"    org.eclipse.ui.ide","org.eclipse.ui.ide.org.eclipse.ui.ide.resourceMappingAdapters",TRUE,6,"SUCCESS ","SUCCESS ","SUCCESS ","SUCCESS  ","org.eclipse.ui.internal.views.markers.ExtendedMarkersView ","org.eclipse.ui.internal.views.markers.MarkerShowInAdapter ","org.eclipse.ui.part.IShowInSource            "
"    org.eclipse.ui.ide","org.eclipse.ui.ide.org.eclipse.ui.ide.resourceMappingAdapters",TRUE,7,"SUCCESS ","SUCCESS ","SUCCESS ","SUCCESS  ","org.eclipse.ui.internal.views.markers.ExtendedMarkersView ","org.eclipse.ui.internal.views.markers.MarkerHelpAdapterFactory ","org.eclipse.help.IContextProvider            "
"    org.eclipse.jdt.ui","anonymous",TRUE,1,"SUCCESS ","SUCCESS ","SUCCESS ","SUCCESS  ","org.eclipse.jdt.core.IJavaElement ","org.eclipse.jdt.internal.ui.JavaElementAdapterFactory ","org.eclipse.core.resources.IResource            "
"    org.eclipse.jdt.ui","anonymous",TRUE,2,"SUCCESS ","SUCCESS ","SUCCESS ","SUCCESS  ","org.eclipse.jdt.core.IJavaProject ","org.eclipse.jdt.internal.ui.JavaProjectAdapterFactory ","org.eclipse.core.resources.IProject            "
"    org.eclipse.jdt.ui","anonymous",TRUE,3,"SUCCESS ","SUCCESS ","SUCCESS ","SUCCESS  ","org.eclipse.core.resources.IResource ","org.eclipse.jdt.internal.ui.ResourceAdapterFactory ","org.eclipse.jdt.core.IJavaElement            "
"    org.eclipse.jdt.ui","anonymous",TRUE,4,"SUCCESS ","SUCCESS ","SUCCESS ","SUCCESS  ","org.eclipse.core.resources.IMarker ","org.eclipse.jdt.internal.ui.MarkerAdapterFactory ","org.eclipse.search.ui.ISearchPageScoreComputer            "
"    org.eclipse.jdt.ui","anonymous",TRUE,5,"SUCCESS ","SUCCESS ","SUCCESS ","SUCCESS  ","org.eclipse.ui.IEditorInput ","org.eclipse.jdt.internal.ui.EditorInputAdapterFactory ","org.eclipse.search.ui.ISearchPageScoreComputer            "
"    org.eclipse.jdt.ui","anonymous",TRUE,6,"SUCCESS ","SUCCESS ","SUCCESS ","SUCCESS  ","org.eclipse.jdt.internal.ui.browsing.LogicalPackage ","org.eclipse.jdt.internal.ui.LogicalPackageAdapterFactory ","org.eclipse.search.ui.ISearchPageScoreComputer            "
"    org.eclipse.jdt.ui","anonymous",TRUE,7,"SUCCESS ","SUCCESS ","SUCCESS ","SUCCESS  ","org.eclipse.jdt.internal.corext.refactoring.changes.CompilationUnitChange ","org.eclipse.jdt.internal.ui.refactoring.RefactoringAdapterFactory ","org.eclipse.ltk.ui.refactoring.TextEditChangeNode            "
"    org.eclipse.jdt.ui","anonymous",TRUE,8,"SUCCESS ","SUCCESS ","SUCCESS ","SUCCESS  ","org.eclipse.ltk.core.refactoring.MultiStateTextFileChange ","org.eclipse.jdt.internal.ui.refactoring.RefactoringAdapterFactory ","org.eclipse.ltk.ui.refactoring.TextEditChangeNode            "
"    org.eclipse.jdt.ui","anonymous",TRUE,1,"SUCCESS ","SUCCESS ","SUCCESS ","SUCCESS  ","org.eclipse.jdt.internal.ui.model.JavaModelProvider ","org.eclipse.jdt.internal.ui.model.JavaModelAdapterFactory ","org.eclipse.team.core.mapping.IResourceMappingMerger            "
"    org.eclipse.jdt.ui","anonymous",TRUE,2,"SUCCESS ","SUCCESS ","SUCCESS ","SUCCESS  ","org.eclipse.ltk.core.refactoring.history.RefactoringHistory ","org.eclipse.jdt.internal.ui.model.JavaModelAdapterFactory ","org.eclipse.core.resources.mapping.ResourceMapping            "
"    org.eclipse.jdt.ui","anonymous",TRUE,3,"SUCCESS ","SUCCESS ","SUCCESS ","SUCCESS  ","org.eclipse.ltk.core.refactoring.RefactoringDescriptorProxy ","org.eclipse.jdt.internal.ui.model.JavaModelAdapterFactory ","org.eclipse.core.resources.mapping.ResourceMapping            "
"    org.eclipse.team.ui","anonymous",TRUE,1,"SUCCESS ","SUCCESS ","SUCCESS ","SUCCESS  ","org.eclipse.compare.structuremergeviewer.DiffNode ","org.eclipse.team.internal.ui.TeamAdapterFactory ","org.eclipse.ui.model.IWorkbenchAdapter            "
"    org.eclipse.team.ui","anonymous",TRUE,2,"SUCCESS ","SUCCESS ","SUCCESS ","SUCCESS  ","org.eclipse.core.resources.mapping.ModelProvider ","org.eclipse.team.internal.ui.TeamAdapterFactory ","org.eclipse.team.core.mapping.IResourceMappingMerger            "
"    org.eclipse.team.ui","anonymous",TRUE,3,"SUCCESS ","SUCCESS ","SUCCESS ","SUCCESS  ","org.eclipse.team.core.RepositoryProviderType ","org.eclipse.team.internal.ui.TeamAdapterFactory ","org.eclipse.team.ui.mapping.ITeamStateProvider            "
"    org.eclipse.team.ui","anonymous",TRUE,4,"SUCCESS ","SUCCESS ","SUCCESS ","SUCCESS  ","org.eclipse.team.internal.ui.history.FileRevisionEditorInput ","org.eclipse.team.internal.ui.TeamAdapterFactory ","org.eclipse.team.core.history.IFileRevision            "
"    org.eclipse.birt.report.designer.ui.ide","anonymous",TRUE,1,"SUCCESS ","SUCCESS ","SUCCESS ","SUCCESS  ","org.eclipse.birt.report.designer.ui.wizards.NewLibraryWizard ","org.eclipse.birt.report.designer.internal.ui.ide.adapters.NewLibraryWizardAdapterFactory ","org.eclipse.birt.report.designer.ui.wizards.INewLibraryCreationPage            "
"    org.eclipse.birt.report.designer.ui.ide","anonymous",TRUE,2,"SUCCESS ","SUCCESS ","SUCCESS ","SUCCESS  ","org.eclipse.ui.IEditorPart ","org.eclipse.birt.report.designer.internal.ui.ide.adapters.SaveAsWizardDialogAdapterFactory ","org.eclipse.jface.wizard.WizardDialog            "
"    org.eclipse.birt.report.designer.ui.ide","anonymous",TRUE,3,"SUCCESS ","SUCCESS ","SUCCESS ","SUCCESS  ","org.eclipse.ui.IEditorPart ","org.eclipse.birt.report.designer.internal.ui.ide.adapters.LibraryProviderAdapterFactory ","org.eclipse.birt.report.designer.internal.ui.views.ILibraryProvider            "
"    org.eclipse.birt.report.designer.ui.ide","anonymous",TRUE,4,"SUCCESS ","SUCCESS ","SUCCESS ","SUCCESS  ","org.eclipse.birt.report.designer.ui.views.IPageGenerator ","org.eclipse.birt.report.designer.internal.ui.ide.adapters.CategoryProviderFactoryAdapterFactory ","org.eclipse.birt.report.designer.ui.views.attributes.providers.ICategoryProviderFactory            "
"    org.eclipse.birt.report.designer.ui.ide","anonymous",TRUE,5,"SUCCESS ","SUCCESS ","SUCCESS ","SUCCESS  ","org.eclipse.birt.report.designer.ui.lib.explorer.LibraryExplorerViewPage ","org.eclipse.birt.report.designer.internal.ui.ide.adapters.PathEditorInputFactory ","org.eclipse.birt.report.designer.ui.editors.IPathEditorInputFactory            "
"    org.eclipse.wst.server.ui","anonymous",TRUE,1,"SUCCESS ","SUCCESS ","SUCCESS ","SUCCESS  ","org.eclipse.wst.server.core.IServer ","org.eclipse.wst.server.ui.internal.ServerAdapterFactory ","org.eclipse.ui.IActionFilter            "
"    org.eclipse.wst.server.ui","anonymous",TRUE,2,"SUCCESS ","SUCCESS ","SUCCESS ","SUCCESS  ","org.eclipse.wst.server.ui.internal.view.servers.ModuleServer ","org.eclipse.wst.server.ui.internal.ServerAdapterFactory ","org.eclipse.ui.IActionFilter            "
"    org.eclipse.wst.server.ui","anonymous",TRUE,3,"SUCCESS ","SUCCESS ","SUCCESS ","SUCCESS  ","org.eclipse.wst.server.core.IServer ","org.eclipse.wst.server.ui.internal.ServerAdapterFactory ","org.eclipse.ui.model.IWorkbenchAdapter            "
"    org.eclipse.ui.editors","anonymous",TRUE,1,"SUCCESS ","SUCCESS ","SUCCESS ","SUCCESS  ","org.eclipse.core.resources.IFile ","org.eclipse.ui.internal.editors.text.FileEditorInputAdapterFactory ","org.eclipse.ui.editors.text.ILocationProvider            "
"    org.eclipse.ui.editors","anonymous",TRUE,2,"SUCCESS ","SUCCESS ","SUCCESS ","SUCCESS  ","org.eclipse.ui.IURIEditorInput ","org.eclipse.ui.internal.editors.text.IURIEditorInputAdapterFactory ","org.eclipse.ui.editors.text.ILocationProvider            "
"    org.eclipse.dltk.ui","anonymous",TRUE,1,"SUCCESS ","SUCCESS ","SUCCESS ","SUCCESS  ","org.eclipse.dltk.core.IScriptProject ","org.eclipse.dltk.internal.ui.ScriptProjectAdapterFactory ","org.eclipse.core.resources.IProject            "
"    org.eclipse.dltk.ui","anonymous",TRUE,2,"SUCCESS ","SUCCESS ","SUCCESS ","SUCCESS  ","org.eclipse.dltk.core.IModelElement ","org.eclipse.dltk.internal.ui.ModelElementAdapterFactory ","org.eclipse.core.resources.IResource            "
"    org.eclipse.dltk.ui","anonymous",TRUE,3,"SUCCESS ","SUCCESS ","SUCCESS ","SUCCESS  ","org.eclipse.core.resources.IResource ","org.eclipse.dltk.internal.ui.ResourceAdapterFactory ","org.eclipse.dltk.core.IModelElement            "
"    org.eclipse.dltk.ui","anonymous",TRUE,4,"SUCCESS ","SUCCESS ","SUCCESS ","SUCCESS  ","org.eclipse.core.resources.IMarker ","org.eclipse.dltk.internal.ui.MarkerAdapterFactory ","org.eclipse.search.ui.ISearchPageScoreComputer            "
"    org.eclipse.dltk.ui","anonymous",FALSE,1,"SUCCESS ","SUCCESS ","SUCCESS ","SUCCESS  ","org.eclipse.dltk.core.internal.environment.LocalEnvironment ","org.eclipse.dltk.internal.ui.environment.LocalEnvironmentUIAdapter ","org.eclipse.dltk.ui.environment.IEnvironmentUI            "
"    org.eclipse.ecf.provider.xmpp","anonymous",FALSE,1,"SUCCESS ","SUCCESS ","SUCCESS ","SUCCESS  ","org.eclipse.ecf.provider.xmpp.XMPPContainer ","org.eclipse.ecf.provider.datashare.DatashareContainerAdapterFactory ","org.eclipse.ecf.datashare.IChannelContainerAdapter            "
"    org.eclipse.ecf.provider.xmpp","anonymous",FALSE,1,"SUCCESS ","SUCCESS ","SUCCESS ","SUCCESS  ","org.eclipse.ecf.provider.xmpp.XMPPSContainer ","org.eclipse.ecf.provider.datashare.DatashareContainerAdapterFactory ","org.eclipse.ecf.datashare.IChannelContainerAdapter            "
"    org.eclipse.ecf.provider.xmpp","anonymous",FALSE,1,"SUCCESS ","SUCCESS ","SUCCESS ","SUCCESS  ","org.eclipse.ecf.provider.xmpp.XMPPContainer ","org.eclipse.ecf.internal.provider.xmpp.XMPPRemoteServiceAdapterFactory ","org.eclipse.ecf.remoteservice.IRemoteServiceContainerAdapter            "
"    org.eclipse.ecf.provider.xmpp","anonymous",FALSE,1,"SUCCESS ","SUCCESS ","SUCCESS ","SUCCESS  ","org.eclipse.ecf.provider.xmpp.XMPPSContainer ","org.eclipse.ecf.internal.provider.xmpp.XMPPRemoteServiceAdapterFactory ","org.eclipse.ecf.remoteservice.IRemoteServiceContainerAdapter            "
"    org.eclipse.core.resources","org.eclipse.core.resources.org.eclipse.core.resources.resourceMappingAdapters",FALSE,1,"SUCCESS ","SUCCESS ","SUCCESS ","SUCCESS  ","org.eclipse.core.resources.IResource ","org.eclipse.core.internal.resources.mapping.ResourceAdapterFactory ","org.eclipse.core.resources.mapping.ResourceMapping            "
"    org.eclipse.jst.common.project.facet.core","anonymous",FALSE,1,"SUCCESS ","SUCCESS ","SUCCESS ","SUCCESS  ","org.eclipse.wst.common.project.facet.core.runtime.IRuntime ","org.eclipse.jst.common.project.facet.core.internal.RuntimeClasspathProvider$Factory ","org.eclipse.jst.common.project.facet.core.IClasspathProvider            "
"    org.eclipse.team.svn.ui","anonymous",TRUE,1,"SUCCESS ","SUCCESS ","SUCCESS ","SUCCESS  ","org.eclipse.team.svn.core.SVNTeamProvider ","org.eclipse.team.svn.ui.history.SVNHistoryAdapterFactory ","org.eclipse.team.ui.history.IHistoryPageSource            "
"    org.eclipse.team.svn.ui","anonymous",TRUE,2,"SUCCESS ","SUCCESS ","SUCCESS ","SUCCESS  ","org.eclipse.team.svn.core.history.SVNFileHistoryProvider ","org.eclipse.team.svn.ui.history.SVNHistoryAdapterFactory ","org.eclipse.team.ui.history.IHistoryPageSource            "
"    org.eclipse.team.svn.ui","anonymous",TRUE,3,"SUCCESS ","SUCCESS ","SUCCESS ","SUCCESS  ","org.eclipse.team.svn.ui.repository.model.RepositoryLocation ","org.eclipse.team.svn.ui.history.SVNHistoryAdapterFactory ","org.eclipse.team.ui.history.IHistoryPageSource            "
"    org.eclipse.team.svn.ui","anonymous",TRUE,4,"SUCCESS ","SUCCESS ","SUCCESS ","SUCCESS  ","org.eclipse.team.svn.ui.repository.model.RepositoryResource ","org.eclipse.team.svn.ui.history.SVNHistoryAdapterFactory ","org.eclipse.team.ui.history.IHistoryPageSource            "
"    org.eclipse.team.svn.ui","anonymous",TRUE,5,"SUCCESS ","SUCCESS ","SUCCESS ","SUCCESS  ","org.eclipse.team.svn.core.resource.IRepositoryResource ","org.eclipse.team.svn.ui.history.SVNHistoryAdapterFactory ","org.eclipse.team.ui.history.IHistoryPageSource            "
"    org.eclipse.team.svn.ui","anonymous",TRUE,6,"SUCCESS ","SUCCESS ","SUCCESS ","SUCCESS  ","org.eclipse.team.svn.ui.history.model.ILogNode ","org.eclipse.team.svn.ui.history.SVNHistoryAdapterFactory ","org.eclipse.team.svn.core.connector.SVNLogEntry            "
"    org.eclipse.jst.ejb.ui","anonymous",TRUE,1,"SUCCESS ","SUCCESS ","SUCCESS ","SUCCESS  ","org.eclipse.core.resources.IProject ","org.eclipse.jst.ejb.ui.internal.deployables.EJBDeployableArtifactAdapterFactory ","org.eclipse.debug.ui.actions.ILaunchable            "
"    org.eclipse.jst.ejb.ui","anonymous",TRUE,2,"SUCCESS ","SUCCESS ","SUCCESS ","SUCCESS  ","org.eclipse.jdt.core.ICompilationUnit ","org.eclipse.jst.ejb.ui.internal.deployables.EJBDeployableArtifactAdapterFactory ","org.eclipse.debug.ui.actions.ILaunchable            "
"    org.eclipse.jst.ejb.ui","anonymous",TRUE,3,"SUCCESS ","SUCCESS ","SUCCESS ","SUCCESS  ","org.eclipse.core.resources.IFile ","org.eclipse.jst.ejb.ui.internal.deployables.EJBDeployableArtifactAdapterFactory ","org.eclipse.debug.ui.actions.ILaunchable            "
"    org.eclipse.jst.ejb.ui","anonymous",TRUE,4,"SUCCESS ","SUCCESS ","SUCCESS ","SUCCESS  ","org.eclipse.jst.j2ee.ejb.EnterpriseBean ","org.eclipse.jst.ejb.ui.internal.deployables.EJBDeployableArtifactAdapterFactory ","org.eclipse.debug.ui.actions.ILaunchable            "
"    org.eclipse.jst.ejb.ui","anonymous",TRUE,5,"SUCCESS ","SUCCESS ","SUCCESS ","SUCCESS  ","org.eclipse.jst.j2ee.ejb.EJBJar ","org.eclipse.jst.ejb.ui.internal.deployables.EJBDeployableArtifactAdapterFactory ","org.eclipse.debug.ui.actions.ILaunchable            "
"    org.eclipse.ui.navigator.resources","anonymous",FALSE,1,"SUCCESS ","SUCCESS ","SUCCESS ","SUCCESS  ","org.eclipse.ui.navigator.CommonNavigator ","org.eclipse.ui.internal.navigator.resources.workbench.TabbedPropertySheetAdapterFactory ","org.eclipse.ui.views.properties.IPropertySheetPage            "
"    org.eclipse.wst.common.project.facet.core","anonymous",FALSE,1,"SUCCESS ","SUCCESS ","SUCCESS ","SUCCESS  ","org.eclipse.core.resources.IProject ","org.eclipse.wst.common.project.facet.core.internal.FacetedProjectAdapter ","org.eclipse.wst.common.project.facet.core.IFacetedProject            "
"    org.eclipse.birt.report.designer.ui.samples.ide","anonymous",TRUE,1,"SUCCESS ","SUCCESS ","SUCCESS ","SUCCESS  ","org.eclipse.birt.report.designer.ui.samplesview.view.ReportExamples ","org.eclipse.birt.report.designer.ui.internal.samples.ide.adapters.SampleReportsEntryAdapterFactory ","org.eclipse.birt.report.designer.ui.samplesview.sampleslocator.ISampleReportEntry            "
"    org.eclipse.birt.report.designer.ui.samples.ide","anonymous",TRUE,2,"SUCCESS ","SUCCESS ","SUCCESS ","SUCCESS  ","org.eclipse.birt.report.designer.ui.samplesview.view.ReportExamplesView ","org.eclipse.birt.report.designer.ui.internal.samples.ide.adapters.OpenSampleActionAdapterFactory ","org.eclipse.jface.action.IAction            "
"    org.eclipse.cdt.ui","anonymous",TRUE,1,"SUCCESS ","SUCCESS ","SUCCESS ","SUCCESS  ","org.eclipse.cdt.core.model.ICElement ","org.eclipse.cdt.internal.ui.CElementAdapterFactory ","org.eclipse.core.resources.IResource            "
"    org.eclipse.cdt.ui","anonymous",TRUE,2,"SUCCESS ","SUCCESS ","SUCCESS ","SUCCESS  ","org.eclipse.cdt.core.model.ICContainer ","org.eclipse.cdt.internal.ui.CElementAdapterFactory ","org.eclipse.core.resources.IFolder            "
"    org.eclipse.cdt.ui","anonymous",TRUE,3,"SUCCESS ","SUCCESS ","SUCCESS ","SUCCESS  ","org.eclipse.cdt.core.model.ITranslationUnit ","org.eclipse.cdt.internal.ui.CElementAdapterFactory ","org.eclipse.core.resources.IFile            "
"    org.eclipse.cdt.ui","anonymous",TRUE,4,"SUCCESS ","SUCCESS ","SUCCESS ","SUCCESS  ","org.eclipse.cdt.core.model.ICProject ","org.eclipse.cdt.internal.ui.CProjectAdapterFactory ","org.eclipse.core.resources.IProject            "
"    org.eclipse.jst.pagedesigner","anonymous",FALSE,1,"SUCCESS ","SUCCESS ","SUCCESS ","SUCCESS  ","org.eclipse.core.resources.IProject ","org.eclipse.jst.pagedesigner.utils.UriAdapterFactory ","org.eclipse.wst.sse.core.internal.util.URIResolver            "
"    org.tigris.subversion.subclipse.mylyn","anonymous",TRUE,1,"SUCCESS ","SUCCESS ","SUCCESS ","SUCCESS  ","org.tigris.subversion.subclipse.core.history.LogEntry ","org.tigris.subversion.subclipse.mylyn.SubclipseLinkedTaskInfoAdapterFactory ","org.eclipse.mylyn.team.ui.AbstractTaskReference            "
"    org.tigris.subversion.subclipse.mylyn","anonymous",TRUE,2,"SUCCESS ","SUCCESS ","SUCCESS ","SUCCESS  ","org.tigris.subversion.subclipse.ui.subscriber.SVNChangeSetCollector$SVNCheckedInChangeSet ","org.tigris.subversion.subclipse.mylyn.SubclipseLinkedTaskInfoAdapterFactory ","org.eclipse.mylyn.team.ui.AbstractTaskReference            "
"    org.eclipse.datatools.sqltools.debugger.core","anonymous",FALSE,1,"SUCCESS ","SUCCESS ","SUCCESS ","SUCCESS  ","org.eclipse.datatools.sqltools.sqleditor.SQLEditor ","org.eclipse.datatools.sqltools.debugger.actions.RetargettableActionAdapterFactory ","org.eclipse.debug.ui.actions.IRunToLineTarget            "
"    org.eclipse.ltk.ui.refactoring","anonymous",FALSE,1,"SUCCESS ","SUCCESS ","SUCCESS ","SUCCESS  ","org.eclipse.ltk.internal.ui.refactoring.model.RefactoringDescriptorCompareInput ","org.eclipse.ltk.internal.ui.refactoring.model.RefactoringModelAdapterFactory ","org.eclipse.core.resources.mapping.ResourceMapping            "
"    org.eclipse.ecf.provider.datashare","anonymous",FALSE,1,"SUCCESS ","SUCCESS ","SUCCESS ","SUCCESS  ","org.eclipse.ecf.provider.generic.TCPClientSOContainer ","org.eclipse.ecf.provider.datashare.DatashareContainerAdapterFactory ","org.eclipse.ecf.datashare.IChannelContainerAdapter            "
"    org.eclipse.debug.ui","anonymous",TRUE,1,"SUCCESS ","SUCCESS ","SUCCESS ","SUCCESS  ","org.eclipse.debug.core.sourcelookup.containers.LocalFileStorage ","org.eclipse.debug.internal.ui.sourcelookup.SourceElementAdapterFactory ","org.eclipse.ui.model.IWorkbenchAdapter            "
"    org.eclipse.debug.ui","anonymous",TRUE,2,"SUCCESS ","SUCCESS ","SUCCESS ","SUCCESS  ","org.eclipse.debug.core.sourcelookup.containers.ZipEntryStorage ","org.eclipse.debug.internal.ui.sourcelookup.SourceElementAdapterFactory ","org.eclipse.ui.model.IWorkbenchAdapter            "
"    org.eclipse.debug.ui","anonymous",TRUE,3,"SUCCESS ","SUCCESS ","SUCCESS ","SUCCESS  ","org.eclipse.debug.core.sourcelookup.containers.FolderSourceContainer ","org.eclipse.debug.internal.ui.sourcelookup.SourceContainerAdapterFactory ","org.eclipse.ui.model.IWorkbenchAdapter            "
"    org.eclipse.debug.ui","anonymous",TRUE,4,"SUCCESS ","SUCCESS ","SUCCESS ","SUCCESS  ","org.eclipse.debug.core.sourcelookup.containers.DirectorySourceContainer ","org.eclipse.debug.internal.ui.sourcelookup.SourceContainerAdapterFactory ","org.eclipse.ui.model.IWorkbenchAdapter            "
"    org.eclipse.debug.ui","anonymous",TRUE,5,"SUCCESS ","SUCCESS ","SUCCESS ","SUCCESS  ","org.eclipse.debug.core.sourcelookup.containers.ExternalArchiveSourceContainer ","org.eclipse.debug.internal.ui.sourcelookup.SourceContainerAdapterFactory ","org.eclipse.ui.model.IWorkbenchAdapter            "
"    org.eclipse.debug.ui","anonymous",TRUE,6,"SUCCESS ","SUCCESS ","SUCCESS ","SUCCESS  ","org.eclipse.debug.core.sourcelookup.containers.ArchiveSourceContainer ","org.eclipse.debug.internal.ui.sourcelookup.SourceContainerAdapterFactory ","org.eclipse.ui.model.IWorkbenchAdapter            "
"    org.eclipse.debug.ui","anonymous",TRUE,7,"FAILURE ","SUCCESS ","not an instantiable java type – empty string in class definition","SUCCESS  ","org.eclipse.ui.part.FileEditorInput "," ","org.eclipse.debug.ui.actions.ILaunchable            "
"    org.eclipse.debug.ui","anonymous",TRUE,8,"UNKNOWN ","null ","null ","null  ","org.eclipse.debug.internal.ui.views.breakpoints.BreakpointContainer ","org.eclipse.debug.internal.ui.DebugUIAdapterFactory ","org.eclipse.ui.model.IWorkbenchAdapter            "
"    org.eclipse.debug.ui","anonymous",TRUE,9,"UNKNOWN ","null ","null ","null  ","org.eclipse.debug.ui.BreakpointTypeCategory ","org.eclipse.debug.internal.ui.DebugUIAdapterFactory ","org.eclipse.ui.model.IWorkbenchAdapter            "
"    org.eclipse.debug.ui","anonymous",TRUE,10,"UNKNOWN ","null ","null ","null  ","org.eclipse.debug.core.model.IBreakpoint ","org.eclipse.debug.internal.ui.DebugUIAdapterFactory ","org.eclipse.ui.IPersistableElement            "
"    org.eclipse.debug.ui","anonymous",TRUE,11,"UNKNOWN ","null ","null ","null  ","org.eclipse.debug.internal.ui.views.breakpoints.WorkingSetCategory ","org.eclipse.debug.internal.ui.DebugUIAdapterFactory ","org.eclipse.ui.model.IWorkbenchAdapter            "
"    org.eclipse.debug.ui","anonymous",TRUE,12,"UNKNOWN ","null ","null ","null  ","org.eclipse.debug.core.model.IMemoryBlockRetrieval ","org.eclipse.debug.internal.ui.views.launch.DebugElementAdapterFactory ","org.eclipse.debug.internal.ui.viewers.provisional.IAsynchronousContentAdapter            "
"    org.eclipse.debug.ui","anonymous",TRUE,13,"UNKNOWN ","null ","null ","null  ","org.eclipse.debug.core.ILaunchManager ","org.eclipse.debug.internal.ui.views.launch.DebugElementAdapterFactory ","org.eclipse.debug.internal.ui.viewers.model.provisional.IElementContentProvider            "
"    org.eclipse.debug.ui","anonymous",TRUE,14,"UNKNOWN ","null ","null ","null  ","org.eclipse.debug.core.ILaunch ","org.eclipse.debug.internal.ui.views.launch.DebugElementAdapterFactory ","org.eclipse.debug.internal.ui.viewers.model.provisional.IElementContentProvider            "
"    org.eclipse.debug.ui","anonymous",TRUE,15,"UNKNOWN ","null ","null ","null  ","org.eclipse.debug.core.model.IDebugTarget ","org.eclipse.debug.internal.ui.views.launch.DebugElementAdapterFactory ","org.eclipse.debug.internal.ui.viewers.model.provisional.IElementContentProvider            "
"    org.eclipse.debug.ui","anonymous",TRUE,16,"UNKNOWN ","null ","null ","null  ","org.eclipse.debug.core.model.IProcess ","org.eclipse.debug.internal.ui.views.launch.DebugElementAdapterFactory ","org.eclipse.debug.internal.ui.viewers.model.provisional.IModelProxyFactory            "
"    org.eclipse.debug.ui","anonymous",TRUE,17,"UNKNOWN ","null ","null ","null  ","org.eclipse.debug.core.model.IThread ","org.eclipse.debug.internal.ui.views.launch.DebugElementAdapterFactory ","org.eclipse.debug.internal.ui.viewers.model.provisional.IElementContentProvider            "
"    org.eclipse.debug.ui","anonymous",TRUE,18,"UNKNOWN ","null ","null ","null  ","org.eclipse.debug.core.model.IStackFrame ","org.eclipse.debug.internal.ui.views.launch.DebugElementAdapterFactory ","org.eclipse.debug.internal.ui.viewers.model.provisional.IElementContentProvider            "
"    org.eclipse.debug.ui","anonymous",TRUE,19,"UNKNOWN ","null ","null ","null  ","org.eclipse.debug.core.model.IRegisterGroup ","org.eclipse.debug.internal.ui.views.launch.DebugElementAdapterFactory ","org.eclipse.debug.internal.ui.viewers.model.provisional.IElementContentProvider            "
"    org.eclipse.debug.ui","anonymous",TRUE,20,"UNKNOWN ","null ","null ","null  ","org.eclipse.debug.core.model.IVariable ","org.eclipse.debug.internal.ui.views.launch.DebugElementAdapterFactory ","org.eclipse.debug.internal.ui.viewers.model.provisional.IElementContentProvider            "
"    org.eclipse.debug.ui","anonymous",TRUE,21,"UNKNOWN ","null ","null ","null  ","org.eclipse.debug.core.model.IExpression ","org.eclipse.debug.internal.ui.views.launch.DebugElementAdapterFactory ","org.eclipse.debug.internal.ui.viewers.model.provisional.IElementContentProvider            "
"    org.eclipse.debug.ui","anonymous",TRUE,22,"UNKNOWN ","null ","null ","null  ","org.eclipse.debug.core.IExpressionManager ","org.eclipse.debug.internal.ui.views.launch.DebugElementAdapterFactory ","org.eclipse.debug.internal.ui.viewers.model.provisional.IElementContentProvider            "
"    org.eclipse.debug.ui","anonymous",TRUE,23,"UNKNOWN ","null ","null ","null  ","org.eclipse.debug.core.model.IDebugElement ","org.eclipse.debug.internal.ui.views.launch.DebugElementAdapterFactory ","org.eclipse.debug.internal.ui.viewers.provisional.IAsynchronousLabelAdapter            "
"    org.eclipse.debug.ui","anonymous",TRUE,24,"UNKNOWN ","null ","null ","null  ","org.eclipse.debug.internal.ui.views.memory.renderings.MemorySegment ","org.eclipse.debug.internal.ui.views.launch.DebugElementAdapterFactory ","org.eclipse.debug.internal.ui.viewers.provisional.IAsynchronousLabelAdapter            "
"    org.eclipse.debug.ui","anonymous",TRUE,25,"UNKNOWN ","null ","null ","null  ","org.eclipse.debug.core.model.IMemoryBlock ","org.eclipse.debug.internal.ui.views.launch.DebugElementAdapterFactory ","org.eclipse.debug.internal.ui.viewers.model.provisional.IElementLabelProvider            "
"    org.eclipse.debug.ui","anonymous",TRUE,26,"UNKNOWN ","null ","null ","null  ","org.eclipse.debug.core.ILaunch ","org.eclipse.debug.internal.ui.contexts.SuspendTriggerAdapterFactory ","org.eclipse.debug.ui.contexts.ISuspendTrigger            "
"    org.eclipse.mylyn.team.ui","anonymous",TRUE,1,"SUCCESS ","SUCCESS ","SUCCESS ","SUCCESS  ","org.eclipse.mylyn.internal.team.ui.ContextChangeSet ","org.eclipse.mylyn.internal.team.ui.LinkedTaskInfoAdapterFactory ","org.eclipse.mylyn.team.ui.AbstractTaskReference            "
"    org.eclipse.mylyn.team.ui","anonymous",TRUE,2,"SUCCESS ","SUCCESS ","SUCCESS ","SUCCESS  ","org.eclipse.team.core.history.IFileRevision ","org.eclipse.mylyn.internal.team.ui.LinkedTaskInfoAdapterFactory ","org.eclipse.mylyn.team.ui.AbstractTaskReference            "
"    org.eclipse.mylyn.team.ui","anonymous",TRUE,3,"SUCCESS ","SUCCESS ","SUCCESS ","SUCCESS  ","org.eclipse.team.internal.core.subscribers.DiffChangeSet ","org.eclipse.mylyn.internal.team.ui.LinkedTaskInfoAdapterFactory ","org.eclipse.mylyn.team.ui.AbstractTaskReference            "
"    org.eclipse.mylyn.team.ui","anonymous",TRUE,4,"SUCCESS ","SUCCESS ","SUCCESS ","SUCCESS  ","org.eclipse.team.internal.ui.synchronize.ChangeSetDiffNode ","org.eclipse.mylyn.internal.team.ui.LinkedTaskInfoAdapterFactory ","org.eclipse.mylyn.team.ui.AbstractTaskReference            "
"    org.eclipse.ui","anonymous",FALSE,1,"SUCCESS ","SUCCESS ","SUCCESS ","SUCCESS  ","org.eclipse.jface.viewers.ISelection ","org.eclipse.ui.internal.SelectionAdapterFactory ","org.eclipse.core.expressions.IIterable            "
"    org.eclipse.jst.j2ee.ui","anonymous",TRUE,1,"SUCCESS ","SUCCESS ","SUCCESS ","SUCCESS  ","org.eclipse.core.resources.IProject ","org.eclipse.jst.j2ee.internal.deployables.EnterpriseDeployableArtifactAdapterFactory ","org.eclipse.debug.ui.actions.ILaunchable            "
"    org.eclipse.jst.j2ee.ui","anonymous",TRUE,2,"SUCCESS ","SUCCESS ","SUCCESS ","SUCCESS  ","org.eclipse.jst.j2ee.application.Application ","org.eclipse.jst.j2ee.internal.deployables.EnterpriseDeployableArtifactAdapterFactory ","org.eclipse.debug.ui.actions.ILaunchable            "
"    org.eclipse.jst.j2ee.ui","anonymous",TRUE,3,"SUCCESS ","SUCCESS ","SUCCESS ","SUCCESS  ","org.eclipse.core.resources.IFile ","org.eclipse.jst.j2ee.internal.deployables.EnterpriseDeployableArtifactAdapterFactory ","org.eclipse.debug.ui.actions.ILaunchable            "
"    org.eclipse.jst.j2ee.ui","anonymous",TRUE,4,"SUCCESS ","SUCCESS ","SUCCESS ","SUCCESS  ","org.eclipse.jst.j2ee.internal.ejb.provider.J2EEJavaClassProviderHelper ","org.eclipse.jst.j2ee.internal.ClassHelperAdapterFactory ","org.eclipse.core.resources.IFile            "
"    org.eclipse.wst.jsdt.ui","anonymous",TRUE,1,"SUCCESS ","SUCCESS ","SUCCESS ","SUCCESS  ","org.eclipse.wst.jsdt.core.IJavaScriptElement ","org.eclipse.wst.jsdt.internal.ui.JavaElementAdapterFactory ","org.eclipse.core.resources.IResource            "
"    org.eclipse.wst.jsdt.ui","anonymous",TRUE,2,"SUCCESS ","SUCCESS ","SUCCESS ","SUCCESS  ","org.eclipse.wst.jsdt.core.IJavaScriptProject ","org.eclipse.wst.jsdt.internal.ui.JavaProjectAdapterFactory ","org.eclipse.core.resources.IProject            "
"    org.eclipse.wst.jsdt.ui","anonymous",TRUE,3,"SUCCESS ","SUCCESS ","SUCCESS ","SUCCESS  ","org.eclipse.core.resources.IResource ","org.eclipse.wst.jsdt.internal.ui.ResourceAdapterFactory ","org.eclipse.wst.jsdt.core.IJavaScriptElement            "
"    org.eclipse.wst.jsdt.ui","anonymous",TRUE,4,"SUCCESS ","SUCCESS ","SUCCESS ","SUCCESS  ","org.eclipse.core.resources.IMarker ","org.eclipse.wst.jsdt.internal.ui.MarkerAdapterFactory ","org.eclipse.search.ui.ISearchPageScoreComputer            "
"    org.eclipse.wst.jsdt.ui","anonymous",TRUE,5,"SUCCESS ","SUCCESS ","SUCCESS ","SUCCESS  ","org.eclipse.ui.IEditorInput ","org.eclipse.wst.jsdt.internal.ui.EditorInputAdapterFactory ","org.eclipse.search.ui.ISearchPageScoreComputer            "
"    org.eclipse.wst.jsdt.ui","anonymous",TRUE,6,"SUCCESS ","SUCCESS ","SUCCESS ","SUCCESS  ","org.eclipse.wst.jsdt.internal.ui.browsing.LogicalPackage ","org.eclipse.wst.jsdt.internal.ui.LogicalPackageAdapterFactory ","org.eclipse.search.ui.ISearchPageScoreComputer            "
"    org.eclipse.wst.jsdt.ui","anonymous",TRUE,7,"SUCCESS ","SUCCESS ","SUCCESS ","SUCCESS  ","org.eclipse.wst.jsdt.internal.corext.refactoring.changes.CompilationUnitChange ","org.eclipse.wst.jsdt.internal.ui.refactoring.RefactoringAdapterFactory ","org.eclipse.ltk.ui.refactoring.TextEditChangeNode            "
"    org.eclipse.wst.jsdt.ui","anonymous",TRUE,8,"SUCCESS ","SUCCESS ","SUCCESS ","SUCCESS  ","org.eclipse.ltk.core.refactoring.MultiStateTextFileChange ","org.eclipse.wst.jsdt.internal.ui.refactoring.RefactoringAdapterFactory ","org.eclipse.ltk.ui.refactoring.TextEditChangeNode            "
"    org.eclipse.wst.jsdt.ui","anonymous",TRUE,1,"SUCCESS ","SUCCESS ","SUCCESS ","SUCCESS  ","org.eclipse.wst.jsdt.internal.ui.model.JavaModelProvider ","org.eclipse.wst.jsdt.internal.ui.model.JavaModelAdapterFactory ","org.eclipse.team.core.mapping.IResourceMappingMerger            "
"    org.eclipse.wst.jsdt.ui","anonymous",TRUE,2,"SUCCESS ","SUCCESS ","SUCCESS ","SUCCESS  ","org.eclipse.ltk.core.refactoring.history.RefactoringHistory ","org.eclipse.wst.jsdt.internal.ui.model.JavaModelAdapterFactory ","org.eclipse.core.resources.mapping.ResourceMapping            "
"    org.eclipse.wst.jsdt.ui","anonymous",TRUE,3,"SUCCESS ","SUCCESS ","SUCCESS ","SUCCESS  ","org.eclipse.ltk.core.refactoring.RefactoringDescriptorProxy ","org.eclipse.wst.jsdt.internal.ui.model.JavaModelAdapterFactory ","org.eclipse.core.resources.mapping.ResourceMapping            "
"    org.eclipse.datatools.connectivity.sqm.server.ui","anonymous",FALSE,1,"SUCCESS ","SUCCESS ","SUCCESS ","SUCCESS  ","org.eclipse.datatools.modelbase.sql.schema.SQLObject ","org.eclipse.datatools.connectivity.sqm.server.internal.ui.SQLObjectAdapterFactory ","org.eclipse.ui.views.properties.IPropertySource            "
