"plugin","extension point","is aggregated contract","partNo","verification result ","must exist: ?@style ","?@style.null net.java.treaty.Operator$IN@1be72eepush","radio","toggle","pulldown ","?@retarget.null net.java.treaty.Operator$EQ@6b736ftrue ","must exist: org.eclipse.ui.IWorkbenchWindowActionDelegate ","must exist: ?@class ","?@class java#implements org.eclipse.ui.IWorkbenchWindowActionDelegate ","?@style.null net.java.treaty.Operator$EQ@6b736fpulldown ","?@class java#implements org.eclipse.ui.IWorkbenchWindowPulldownDelegate  ","variable ?@style ","variable ?@retarget ","variable ?@class "
"    net.java.treaty.eclipse.example.clock","anonymous",FALSE,1,"SUCCESS ","FAILURE ","FAILURE ","FAILURE ","SUCCESS ","SUCCESS ","SUCCESS ","FAILURE ","class does not implement the required interface","? ","? ","net.java.treaty.eclipse.example.clock.DisplayClockView            ",,,
"    net.java.treaty.eclipse.ui","anonymous",TRUE,1,"SUCCESS ","FAILURE ","FAILURE ","FAILURE ","SUCCESS ","SUCCESS ","SUCCESS ","FAILURE ","class does not implement the required interface","? ","? ","net.java.treaty.eclipse.actions.DisplayContractView            ",,,
"    net.java.treaty.eclipse.ui","anonymous",TRUE,2,"SUCCESS ","FAILURE ","FAILURE ","FAILURE ","SUCCESS ","SUCCESS ","SUCCESS ","FAILURE ","class does not implement the required interface","? ","? ","net.java.treaty.eclipse.actions.DisplayVocabularyView            ",,,
"    org.eclipse.dltk.mylyn","anonymous",TRUE,1,"SUCCESS ","SUCCESS ","SUCCESS ","FAILURE ","SUCCESS ","SUCCESS ","SUCCESS ","FAILURE ","class does not implement the required interface","toggle ","? ","org.eclipse.mylyn.internal.dltk.ui.actions.ToggleActiveFoldingAction            ",,,
"    org.eclipse.dltk.mylyn","anonymous",TRUE,2,"SUCCESS ","FAILURE ","FAILURE ","FAILURE ","SUCCESS ","SUCCESS ","SUCCESS ","FAILURE ","class does not implement the required interface","? ","? ","org.eclipse.mylyn.internal.dltk.ui.actions.FindReferencesInContextAction            ",,,
"    org.eclipse.dltk.testing","anonymous",FALSE,1,"SUCCESS ","FAILURE ","FAILURE ","FAILURE ","SUCCESS ","SUCCESS ","SUCCESS ","FAILURE ","class does not implement the required interface","? ","? ","org.eclipse.dltk.internal.testing.ui.GotoReferencedTestAction            ",,,
"    org.eclipse.birt.report.debug.ui","anonymous",FALSE,1,"SUCCESS ","SUCCESS ","SUCCESS ","FAILURE ","SUCCESS ","SUCCESS ","SUCCESS ","FAILURE ","class does not implement the required interface","push ","? ","org.eclipse.birt.report.debug.internal.ui.script.actions.DebugScriptAction            ",,,
"    org.eclipse.ui.workbench.texteditor","anonymous",TRUE,1,"SUCCESS ","SUCCESS ","SUCCESS ","SUCCESS ","SUCCESS ","FAILURE ","FAILURE ","FAILURE ","FAILURE  ","toggle ",TRUE,"?            ",,,
"    org.eclipse.ui.workbench.texteditor","anonymous",TRUE,2,"SUCCESS ","SUCCESS ","SUCCESS ","SUCCESS ","SUCCESS ","FAILURE ","FAILURE ","FAILURE ","FAILURE  ","toggle ",TRUE,"?            ",,,
"    org.eclipse.mylyn.context.ui","anonymous",FALSE,1,"SUCCESS ","FAILURE ","FAILURE ","FAILURE ","SUCCESS ","SUCCESS ","SUCCESS ","FAILURE ","class does not implement the required interface","? ","? ","org.eclipse.mylyn.internal.context.ui.actions.OpenQuickContextPopupDialogAction            ",,,
"    org.eclipse.mylyn.tasks.bugs","anonymous",FALSE,1,"SUCCESS ","SUCCESS ","SUCCESS ","FAILURE ","SUCCESS ","SUCCESS ","SUCCESS ","FAILURE ","class does not implement the required interface","push ","? ","org.eclipse.mylyn.internal.tasks.bugs.actions.ReportBugAction            ",,,
"    org.eclipse.jdt.debug.ui","anonymous",TRUE,1,"SUCCESS ","FAILURE ","FAILURE ","FAILURE ","SUCCESS ","SUCCESS ","SUCCESS ","FAILURE ","class does not implement the required interface","? ","? ","org.eclipse.jdt.internal.debug.ui.breakpoints.AddClassPrepareBreakpointAction            ",,,
"    org.eclipse.jdt.debug.ui","anonymous",TRUE,2,"SUCCESS ","FAILURE ","FAILURE ","FAILURE ","SUCCESS ","SUCCESS ","SUCCESS ","FAILURE ","class does not implement the required interface","? ","? ","org.eclipse.jdt.internal.debug.ui.breakpoints.AddExceptionAction            ",,,
"    org.eclipse.jdt.debug.ui","anonymous",TRUE,3,"SUCCESS ","FAILURE ","FAILURE ","FAILURE ","SUCCESS ","SUCCESS ","SUCCESS ","FAILURE ","class does not implement the required interface","? ","? ","org.eclipse.jdt.internal.debug.ui.actions.StepIntoSelectionActionDelegate            ",,,
"    org.eclipse.jdt.debug.ui","anonymous",TRUE,4,"SUCCESS ","FAILURE ","FAILURE ","FAILURE ","SUCCESS ","SUCCESS ","SUCCESS ","FAILURE ","class does not implement the required interface","? ","? ","org.eclipse.jdt.internal.debug.ui.actions.ForceReturnAction            ",,,
"    org.eclipse.jdt.debug.ui","anonymous",TRUE,5,"SUCCESS ","FAILURE ","FAILURE ","FAILURE ","SUCCESS ","SUCCESS ","SUCCESS ","FAILURE ","class does not implement the required interface","? ","? ","org.eclipse.jdt.internal.debug.ui.actions.ExecuteAction            ",,,
"    org.eclipse.jdt.debug.ui","anonymous",TRUE,6,"SUCCESS ","FAILURE ","FAILURE ","FAILURE ","SUCCESS ","SUCCESS ","SUCCESS ","FAILURE ","class does not implement the required interface","? ","? ","org.eclipse.jdt.internal.debug.ui.actions.PopupDisplayAction            ",,,
"    org.eclipse.jdt.debug.ui","anonymous",TRUE,7,"SUCCESS ","FAILURE ","FAILURE ","FAILURE ","SUCCESS ","SUCCESS ","SUCCESS ","FAILURE ","class does not implement the required interface","? ","? ","org.eclipse.jdt.internal.debug.ui.actions.PopupInspectAction            ",,,
"    org.eclipse.jdt.debug.ui","anonymous",TRUE,8,"SUCCESS ","FAILURE ","FAILURE ","FAILURE ","SUCCESS ","SUCCESS ","SUCCESS ","FAILURE ","class does not implement the required interface","? ","? ","org.eclipse.jdt.internal.debug.ui.actions.WatchAction            ",,,
"    org.eclipse.jdt.debug.ui","anonymous",TRUE,9,"SUCCESS ","FAILURE ","FAILURE ","FAILURE ","SUCCESS ","SUCCESS ","SUCCESS ","FAILURE ","class does not implement the required interface","? ","? ","org.eclipse.jdt.internal.debug.ui.heapwalking.AllInstancesActionDelegate            ",,,
"    org.eclipse.jdt.debug.ui","anonymous",TRUE,10,"SUCCESS ","FAILURE ","FAILURE ","FAILURE ","SUCCESS ","SUCCESS ","SUCCESS ","FAILURE ","class does not implement the required interface","? ","? ","org.eclipse.jdt.internal.debug.ui.heapwalking.AllReferencesActionDelegate            ",,,
"    org.eclipse.mylyn.java.ui","anonymous",FALSE,1,"SUCCESS ","SUCCESS ","SUCCESS ","FAILURE ","SUCCESS ","SUCCESS ","SUCCESS ","FAILURE ","class does not implement the required interface","toggle ","? ","org.eclipse.mylyn.internal.java.ui.actions.ToggleActiveFoldingAction            ",,,
"    org.eclipse.mylyn.java.ui","anonymous",FALSE,1,"SUCCESS ","SUCCESS ","SUCCESS ","FAILURE ","SUCCESS ","SUCCESS ","SUCCESS ","FAILURE ","class does not implement the required interface","toggle ","? ","org.eclipse.mylyn.internal.java.ui.actions.FocusBrowsingPerspectiveAction            ",,,
"    org.eclipse.search","anonymous",TRUE,1,"SUCCESS ","FAILURE ","FAILURE ","FAILURE ","SUCCESS ","SUCCESS ","SUCCESS ","FAILURE ","class does not implement the required interface","? ","? ","org.eclipse.search.internal.ui.OpenFileSearchPageAction            ",,,
"    org.eclipse.search","anonymous",TRUE,2,"SUCCESS ","SUCCESS ","SUCCESS ","FAILURE ","SUCCESS ","SUCCESS ","SUCCESS ","SUCCESS ","SUCCESS  ","pulldown ","? ","org.eclipse.search.internal.ui.OpenSearchDialogPageAction            ",,,
"    org.eclipse.search","anonymous",TRUE,3,"SUCCESS ","FAILURE ","FAILURE ","FAILURE ","SUCCESS ","SUCCESS ","SUCCESS ","FAILURE ","class does not implement the required interface","? ","? ","org.eclipse.search.internal.ui.OpenSearchDialogAction            ",,,
"    org.eclipse.search","anonymous",TRUE,4,"SUCCESS ","SUCCESS ","SUCCESS ","FAILURE ","SUCCESS ","SUCCESS ","SUCCESS ","FAILURE ","class does not implement the required interface","push ","? ","org.eclipse.search2.internal.ui.text2.FindInWorkingSetActionDelegate            ",,,
"    org.eclipse.search","anonymous",TRUE,5,"SUCCESS ","SUCCESS ","SUCCESS ","FAILURE ","SUCCESS ","SUCCESS ","SUCCESS ","FAILURE ","class does not implement the required interface","push ","? ","org.eclipse.search2.internal.ui.text2.FindInFileActionDelegate            ",,,
"    org.eclipse.search","anonymous",TRUE,6,"SUCCESS ","SUCCESS ","SUCCESS ","FAILURE ","SUCCESS ","SUCCESS ","SUCCESS ","FAILURE ","class does not implement the required interface","push ","? ","org.eclipse.search2.internal.ui.text2.FindInProjectActionDelegate            ",,,
"    org.eclipse.search","anonymous",TRUE,7,"SUCCESS ","SUCCESS ","SUCCESS ","FAILURE ","SUCCESS ","SUCCESS ","SUCCESS ","FAILURE ","class does not implement the required interface","push ","? ","org.eclipse.search2.internal.ui.text2.FindInWorkspaceActionDelegate            ",,,
"    org.eclipse.ant.ui","anonymous",TRUE,1,"SUCCESS ","SUCCESS ","SUCCESS ","SUCCESS ","SUCCESS ","FAILURE ","FAILURE ","FAILURE ","FAILURE  ","toggle ",TRUE,"?            ",,,
"    org.eclipse.ant.ui","anonymous",TRUE,2,"SUCCESS ","SUCCESS ","SUCCESS ","SUCCESS ","SUCCESS ","FAILURE ","FAILURE ","FAILURE ","FAILURE  ","toggle ",TRUE,"?            ",,,
"    org.eclipse.pde.ui","anonymous",FALSE,1,"SUCCESS ","FAILURE ","FAILURE ","FAILURE ","SUCCESS ","SUCCESS ","SUCCESS ","FAILURE ","class does not implement the required interface","? ","? ","org.eclipse.pde.internal.ui.search.OpenPluginSearchPageAction            ",,,
"    org.eclipse.birt.report.designer.ui.preview.web","anonymous",TRUE,1,"SUCCESS ","SUCCESS ","SUCCESS ","FAILURE ","SUCCESS ","SUCCESS ","SUCCESS ","SUCCESS ","SUCCESS  ","pulldown ","? ","org.eclipse.birt.report.designer.ui.actions.PreviewToolbarMenuAction            ",,,
"    org.eclipse.birt.report.designer.ui.preview.web","anonymous",TRUE,2,"SUCCESS ","SUCCESS ","SUCCESS ","FAILURE ","SUCCESS ","SUCCESS ","SUCCESS ","FAILURE ","class does not implement the required interface","push ","? ","org.eclipse.birt.report.designer.ui.actions.GenerateDocumentToolbarMenuAction            ",,,
"    org.eclipse.birt.report.designer.ui.preview.web","anonymous",TRUE,3,"SUCCESS ","SUCCESS ","SUCCESS ","FAILURE ","SUCCESS ","SUCCESS ","SUCCESS ","SUCCESS ","SUCCESS  ","pulldown ","? ","org.eclipse.birt.report.designer.ui.actions.PreviewCascadingMenuGroup            ",,,
"    org.eclipse.datatools.sqltools.sqlscrapbook","anonymous",FALSE,1,"SUCCESS ","FAILURE ","FAILURE ","FAILURE ","SUCCESS ","SUCCESS ","SUCCESS ","FAILURE ","class does not implement the required interface","? ","? ","org.eclipse.datatools.sqltools.sqlscrapbook.actions.OpenScrapbookAction            ",,,
"    org.eclipse.ui.externaltools","anonymous",TRUE,1,"SUCCESS ","SUCCESS ","SUCCESS ","FAILURE ","SUCCESS ","SUCCESS ","SUCCESS ","SUCCESS ","SUCCESS  ","pulldown ","? ","org.eclipse.ui.externaltools.internal.menu.ExternalToolMenuDelegate            ",,,
"    org.eclipse.ui.externaltools","anonymous",TRUE,2,"SUCCESS ","SUCCESS ","SUCCESS ","FAILURE ","SUCCESS ","SUCCESS ","SUCCESS ","SUCCESS ","SUCCESS  ","pulldown ","? ","org.eclipse.ui.externaltools.internal.menu.ExternalToolMenuDelegate            ",,,
"    org.eclipse.ui.externaltools","anonymous",TRUE,3,"SUCCESS ","FAILURE ","FAILURE ","FAILURE ","SUCCESS ","SUCCESS ","SUCCESS ","FAILURE ","class does not implement the required interface","? ","? ","org.eclipse.ui.externaltools.internal.menu.OpenExternalToolsConfigurations            ",,,
"    org.eclipse.rse.files.ui","anonymous",FALSE,1,"SUCCESS ","FAILURE ","FAILURE ","FAILURE ","SUCCESS ","SUCCESS ","SUCCESS ","FAILURE ","class does not implement the required interface","? ","? ","org.eclipse.rse.internal.files.ui.search.SystemOpenSearchPageAction            ",,,
"    org.eclipse.dltk.debug.ui","anonymous",TRUE,1,"SUCCESS ","FAILURE ","FAILURE ","FAILURE ","SUCCESS ","SUCCESS ","SUCCESS ","FAILURE ","class does not implement the required interface","? ","? ","org.eclipse.dltk.internal.debug.ui.actions.PopupScriptDisplayAction            ",,,
"    org.eclipse.dltk.debug.ui","anonymous",TRUE,2,"SUCCESS ","FAILURE ","FAILURE ","FAILURE ","SUCCESS ","SUCCESS ","SUCCESS ","FAILURE ","class does not implement the required interface","? ","? ","org.eclipse.dltk.internal.debug.ui.actions.PopupScriptInspectAction            ",,,
"    org.eclipse.dltk.debug.ui","anonymous",TRUE,3,"SUCCESS ","FAILURE ","FAILURE ","FAILURE ","SUCCESS ","SUCCESS ","SUCCESS ","FAILURE ","class does not implement the required interface","? ","? ","org.eclipse.dltk.internal.debug.ui.actions.ScriptWatchAction            ",,,
"    org.eclipse.mylyn.tasks.ui","anonymous",TRUE,1,"SUCCESS ","SUCCESS ","SUCCESS ","FAILURE ","SUCCESS ","SUCCESS ","SUCCESS ","FAILURE ","class does not implement the required interface","push ","? ","org.eclipse.mylyn.internal.tasks.ui.actions.DeactivateAllTasksAction            ",,,
"    org.eclipse.mylyn.tasks.ui","anonymous",TRUE,2,"SUCCESS ","SUCCESS ","SUCCESS ","FAILURE ","SUCCESS ","SUCCESS ","SUCCESS ","FAILURE ","class does not implement the required interface","push ","? ","org.eclipse.mylyn.internal.tasks.ui.actions.ActivateTaskDialogAction            ",,,
"    org.eclipse.mylyn.tasks.ui","anonymous",TRUE,3,"SUCCESS ","SUCCESS ","SUCCESS ","FAILURE ","SUCCESS ","SUCCESS ","SUCCESS ","FAILURE ","class does not implement the required interface","push ","? ","org.eclipse.mylyn.internal.tasks.ui.actions.OpenTaskAction            ",,,
"    org.eclipse.mylyn.tasks.ui","anonymous",TRUE,4,"SUCCESS ","SUCCESS ","SUCCESS ","FAILURE ","SUCCESS ","SUCCESS ","SUCCESS ","FAILURE ","class does not implement the required interface","push ","? ","org.eclipse.mylyn.internal.tasks.ui.actions.SearchForRepositoryTask            ",,,
"    org.eclipse.mylyn.tasks.ui","anonymous",TRUE,1,"SUCCESS ","SUCCESS ","SUCCESS ","FAILURE ","SUCCESS ","SUCCESS ","SUCCESS ","SUCCESS ","SUCCESS  ","pulldown ","? ","org.eclipse.mylyn.internal.tasks.ui.actions.ActivateTaskHistoryDropDownAction            ",,,
"    org.eclipse.mylyn.tasks.ui","anonymous",TRUE,2,"SUCCESS ","SUCCESS ","SUCCESS ","FAILURE ","SUCCESS ","SUCCESS ","SUCCESS ","FAILURE ","class does not implement the required interface","push ","? ","org.eclipse.mylyn.internal.tasks.ui.actions.OpenRepositoryTask            ",,,
"    org.tigris.subversion.subclipse.ui","anonymous",TRUE,1,"SUCCESS ","FAILURE ","FAILURE ","FAILURE ","SUCCESS ","SUCCESS ","SUCCESS ","FAILURE ","class does not implement the required interface","? ","? ","org.tigris.subversion.subclipse.ui.actions.UpdateAction            ",,,
"    org.tigris.subversion.subclipse.ui","anonymous",TRUE,2,"SUCCESS ","FAILURE ","FAILURE ","FAILURE ","SUCCESS ","SUCCESS ","SUCCESS ","FAILURE ","class does not implement the required interface","? ",FALSE,"org.tigris.subversion.subclipse.ui.actions.CommitAction            ",,,
"    org.tigris.subversion.subclipse.ui","anonymous",TRUE,3,"SUCCESS ","FAILURE ","FAILURE ","FAILURE ","SUCCESS ","SUCCESS ","SUCCESS ","FAILURE ","class does not implement the required interface","? ","? ","org.tigris.subversion.subclipse.ui.actions.SynchronizeAction            ",,,
"    org.tigris.subversion.subclipse.ui","anonymous",TRUE,4,"SUCCESS ","FAILURE ","FAILURE ","FAILURE ","SUCCESS ","SUCCESS ","SUCCESS ","FAILURE ","class does not implement the required interface","? ","? ","org.tigris.subversion.subclipse.ui.actions.CheckoutWizardAction            ",,,
"    org.tigris.subversion.subclipse.ui","anonymous",TRUE,5,"SUCCESS ","FAILURE ","FAILURE ","FAILURE ","SUCCESS ","SUCCESS ","SUCCESS ","FAILURE ","class does not implement the required interface","? ","? ","org.tigris.subversion.subclipse.ui.actions.ShowAnnotationAction            ",,,
"    org.tigris.subversion.subclipse.ui","anonymous",TRUE,6,"SUCCESS ","FAILURE ","FAILURE ","FAILURE ","SUCCESS ","SUCCESS ","SUCCESS ","FAILURE ","class does not implement the required interface","? ","? ","org.tigris.subversion.subclipse.ui.actions.ShowResourceInHistoryAction            ",,,
"    org.tigris.subversion.subclipse.ui","anonymous",TRUE,7,"SUCCESS ","FAILURE ","FAILURE ","FAILURE ","SUCCESS ","SUCCESS ","SUCCESS ","FAILURE ","class does not implement the required interface","? ","? ","org.tigris.subversion.subclipse.ui.actions.SwitchAction            ",,,
"    org.tigris.subversion.subclipse.ui","anonymous",TRUE,8,"SUCCESS ","FAILURE ","FAILURE ","FAILURE ","SUCCESS ","SUCCESS ","SUCCESS ","FAILURE ","class does not implement the required interface","? ","? ","org.tigris.subversion.subclipse.ui.actions.ConfigurableMergeAction            ",,,
"    org.tigris.subversion.subclipse.ui","anonymous",TRUE,9,"SUCCESS ","FAILURE ","FAILURE ","FAILURE ","SUCCESS ","SUCCESS ","SUCCESS ","FAILURE ","class does not implement the required interface","? ","? ","org.tigris.subversion.subclipse.ui.actions.BranchTagAction            ",,,
"    org.tigris.subversion.subclipse.ui","anonymous",TRUE,10,"SUCCESS ","FAILURE ","FAILURE ","FAILURE ","SUCCESS ","SUCCESS ","SUCCESS ","FAILURE ","class does not implement the required interface","? ","? ","org.tigris.subversion.subclipse.ui.actions.SetSvnPropertyAction            ",,,
"    org.tigris.subversion.subclipse.ui","anonymous",TRUE,11,"SUCCESS ","FAILURE ","FAILURE ","FAILURE ","SUCCESS ","SUCCESS ","SUCCESS ","FAILURE ","class does not implement the required interface","? ","? ","org.tigris.subversion.subclipse.ui.actions.ShowSvnPropertiesAction            ",,,
"    org.tigris.subversion.subclipse.ui","anonymous",TRUE,12,"SUCCESS ","FAILURE ","FAILURE ","FAILURE ","SUCCESS ","SUCCESS ","SUCCESS ","FAILURE ","class does not implement the required interface","? ","? ","org.tigris.subversion.subclipse.ui.actions.IgnoreAction            ",,,
"    org.tigris.subversion.subclipse.ui","anonymous",TRUE,13,"SUCCESS ","FAILURE ","FAILURE ","FAILURE ","SUCCESS ","SUCCESS ","SUCCESS ","FAILURE ","class does not implement the required interface","? ","? ","org.tigris.subversion.subclipse.ui.actions.AddAction            ",,,
"    org.tigris.subversion.subclipse.ui","anonymous",TRUE,14,"SUCCESS ","FAILURE ","FAILURE ","FAILURE ","SUCCESS ","SUCCESS ","SUCCESS ","FAILURE ","class does not implement the required interface","? ","? ","org.tigris.subversion.subclipse.ui.actions.UnlockAction            ",,,
"    org.tigris.subversion.subclipse.ui","anonymous",TRUE,15,"SUCCESS ","FAILURE ","FAILURE ","FAILURE ","SUCCESS ","SUCCESS ","SUCCESS ","FAILURE ","class does not implement the required interface","? ","? ","org.tigris.subversion.subclipse.ui.actions.LockAction            ",,,
"    org.tigris.subversion.subclipse.ui","anonymous",TRUE,16,"SUCCESS ","FAILURE ","FAILURE ","FAILURE ","SUCCESS ","SUCCESS ","SUCCESS ","FAILURE ","class does not implement the required interface","? ","? ","org.tigris.subversion.subclipse.ui.actions.RevertAction            ",,,
"    org.tigris.subversion.subclipse.ui","anonymous",TRUE,17,"SUCCESS ","FAILURE ","FAILURE ","FAILURE ","SUCCESS ","SUCCESS ","SUCCESS ","FAILURE ","class does not implement the required interface","? ","? ","org.tigris.subversion.subclipse.ui.actions.ExportAction            ",,,
"    org.tigris.subversion.subclipse.ui","anonymous",TRUE,18,"SUCCESS ","FAILURE ","FAILURE ","FAILURE ","SUCCESS ","SUCCESS ","SUCCESS ","FAILURE ","class does not implement the required interface","? ","? ","org.tigris.subversion.subclipse.ui.actions.CopyAction            ",,,
"    org.tigris.subversion.subclipse.ui","anonymous",TRUE,19,"SUCCESS ","FAILURE ","FAILURE ","FAILURE ","SUCCESS ","SUCCESS ","SUCCESS ","FAILURE ","class does not implement the required interface","? ","? ","org.tigris.subversion.subclipse.ui.actions.CleanupAction            ",,,
"    org.tigris.subversion.subclipse.ui","anonymous",TRUE,20,"SUCCESS ","FAILURE ","FAILURE ","FAILURE ","SUCCESS ","SUCCESS ","SUCCESS ","FAILURE ","class does not implement the required interface","? ","? ","org.tigris.subversion.subclipse.ui.actions.ShowDifferencesAsUnifiedDiffActionWC            ",,,
"    org.tigris.subversion.subclipse.ui","anonymous",TRUE,21,"SUCCESS ","FAILURE ","FAILURE ","FAILURE ","SUCCESS ","SUCCESS ","SUCCESS ","FAILURE ","class does not implement the required interface","? ","? ","org.tigris.subversion.subclipse.ui.actions.CompareWithRevisionAction            ",,,
"    org.tigris.subversion.subclipse.ui","anonymous",TRUE,22,"SUCCESS ","FAILURE ","FAILURE ","FAILURE ","SUCCESS ","SUCCESS ","SUCCESS ","FAILURE ","class does not implement the required interface","? ","? ","org.tigris.subversion.subclipse.ui.actions.CompareWithHeadRevisionAction            ",,,
"    org.tigris.subversion.subclipse.ui","anonymous",TRUE,23,"SUCCESS ","FAILURE ","FAILURE ","FAILURE ","SUCCESS ","SUCCESS ","SUCCESS ","FAILURE ","class does not implement the required interface","? ","? ","org.tigris.subversion.subclipse.ui.actions.CompareWithBaseRevisionAction            ",,,
"    org.eclipse.jst.servlet.ui","anonymous",TRUE,1,"SUCCESS ","SUCCESS ","SUCCESS ","FAILURE ","SUCCESS ","SUCCESS ","SUCCESS ","SUCCESS ","SUCCESS  ","pulldown ","? ","org.eclipse.jst.j2ee.internal.actions.NewJavaEEArtifactDropDownAction            ",,,
"    org.eclipse.jst.servlet.ui","anonymous",TRUE,2,"SUCCESS ","SUCCESS ","SUCCESS ","FAILURE ","SUCCESS ","SUCCESS ","SUCCESS ","SUCCESS ","SUCCESS  ","pulldown ","? ","org.eclipse.jst.j2ee.internal.actions.NewJavaEEProjectDropDownAction            ",,,
"    org.eclipse.jst.servlet.ui","anonymous",FALSE,1,"SUCCESS ","FAILURE ","FAILURE ","FAILURE ","SUCCESS ","SUCCESS ","SUCCESS ","FAILURE ","class does not implement the required interface","? ","? ","org.eclipse.jst.servlet.ui.internal.actions.ConvertToWebModuleTypeAction            ",,,
"    org.eclipse.team.cvs.ui","anonymous",TRUE,1,"SUCCESS ","FAILURE ","FAILURE ","FAILURE ","SUCCESS ","SUCCESS ","SUCCESS ","FAILURE ","class does not implement the required interface","? ","? ","org.eclipse.team.internal.ccvs.ui.actions.CheckoutWizardAction            ",,,
"    org.eclipse.team.cvs.ui","anonymous",TRUE,2,"SUCCESS ","FAILURE ","FAILURE ","FAILURE ","SUCCESS ","SUCCESS ","SUCCESS ","FAILURE ","class does not implement the required interface","? ","? ","org.eclipse.team.internal.ccvs.ui.actions.IgnoreAction            ",,,
"    org.eclipse.team.cvs.ui","anonymous",TRUE,3,"SUCCESS ","FAILURE ","FAILURE ","FAILURE ","SUCCESS ","SUCCESS ","SUCCESS ","FAILURE ","class does not implement the required interface","? ","? ","org.eclipse.team.internal.ccvs.ui.actions.AddAction            ",,,
"    org.eclipse.team.cvs.ui","anonymous",TRUE,4,"SUCCESS ","FAILURE ","FAILURE ","FAILURE ","SUCCESS ","SUCCESS ","SUCCESS ","FAILURE ","class does not implement the required interface","? ","? ","org.eclipse.team.internal.ccvs.ui.actions.ShowResourceInHistoryAction            ",,,
"    org.eclipse.team.cvs.ui","anonymous",TRUE,5,"SUCCESS ","FAILURE ","FAILURE ","FAILURE ","SUCCESS ","SUCCESS ","SUCCESS ","FAILURE ","class does not implement the required interface","? ","? ","org.eclipse.team.internal.ccvs.ui.actions.ShowAnnotationAction            ",,,
"    org.eclipse.team.cvs.ui","anonymous",TRUE,6,"SUCCESS ","FAILURE ","FAILURE ","FAILURE ","SUCCESS ","SUCCESS ","SUCCESS ","FAILURE ","class does not implement the required interface","? ","? ","org.eclipse.team.internal.ccvs.ui.actions.SetKeywordSubstitutionAction            ",,,
"    org.eclipse.team.cvs.ui","anonymous",TRUE,7,"SUCCESS ","FAILURE ","FAILURE ","FAILURE ","SUCCESS ","SUCCESS ","SUCCESS ","FAILURE ","class does not implement the required interface","? ","? ","org.eclipse.team.internal.ccvs.ui.actions.UpdateAction            ",,,
"    org.eclipse.team.cvs.ui","anonymous",TRUE,8,"SUCCESS ","FAILURE ","FAILURE ","FAILURE ","SUCCESS ","SUCCESS ","SUCCESS ","FAILURE ","class does not implement the required interface","? ","? ","org.eclipse.team.internal.ccvs.ui.actions.MergeAction            ",,,
"    org.eclipse.team.cvs.ui","anonymous",TRUE,9,"SUCCESS ","FAILURE ","FAILURE ","FAILURE ","SUCCESS ","SUCCESS ","SUCCESS ","FAILURE ","class does not implement the required interface","? ","? ","org.eclipse.team.internal.ccvs.ui.actions.BranchAction            ",,,
"    org.eclipse.team.cvs.ui","anonymous",TRUE,10,"SUCCESS ","FAILURE ","FAILURE ","FAILURE ","SUCCESS ","SUCCESS ","SUCCESS ","FAILURE ","class does not implement the required interface","? ","? ","org.eclipse.team.internal.ccvs.ui.actions.TagLocalAction            ",,,
"    org.eclipse.team.cvs.ui","anonymous",TRUE,11,"SUCCESS ","FAILURE ","FAILURE ","FAILURE ","SUCCESS ","SUCCESS ","SUCCESS ","FAILURE ","class does not implement the required interface","? ","? ","org.eclipse.team.internal.ccvs.ui.actions.GenerateDiffFileAction            ",,,
"    org.eclipse.team.cvs.ui","anonymous",TRUE,12,"SUCCESS ","FAILURE ","FAILURE ","FAILURE ","SUCCESS ","SUCCESS ","SUCCESS ","FAILURE ","class does not implement the required interface","? ","? ","org.eclipse.team.internal.ccvs.ui.actions.UpdateSilentAction            ",,,
"    org.eclipse.team.cvs.ui","anonymous",TRUE,13,"SUCCESS ","FAILURE ","FAILURE ","FAILURE ","SUCCESS ","SUCCESS ","SUCCESS ","FAILURE ","class does not implement the required interface","? ",FALSE,"org.eclipse.team.internal.ccvs.ui.actions.CommitAction            ",,,
"    org.eclipse.team.cvs.ui","anonymous",TRUE,14,"SUCCESS ","FAILURE ","FAILURE ","FAILURE ","SUCCESS ","SUCCESS ","SUCCESS ","FAILURE ","class does not implement the required interface","? ","? ","org.eclipse.team.internal.ccvs.ui.actions.SyncAction            ",,,
"    org.eclipse.ui.ide","anonymous",TRUE,1,"SUCCESS ","FAILURE ","FAILURE ","SUCCESS ","SUCCESS ","FAILURE ","FAILURE ","FAILURE ","FAILURE  ","? ",TRUE,"?            ",,,
"    org.eclipse.ui.ide","anonymous",TRUE,2,"SUCCESS ","FAILURE ","FAILURE ","FAILURE ","SUCCESS ","SUCCESS ","SUCCESS ","FAILURE ","class does not implement the required interface","? ","? ","org.eclipse.ui.internal.ide.handlers.OpenResourceHandler            ",,,
"    org.eclipse.ui.ide","anonymous",TRUE,3,"SUCCESS ","FAILURE ","FAILURE ","FAILURE ","SUCCESS ","SUCCESS ","SUCCESS ","FAILURE ","class does not implement the required interface","? ","? ","org.eclipse.ui.internal.handlers.ShowKeyAssistHandler            ",,,
"    org.eclipse.ui.ide","anonymous",TRUE,4,"SUCCESS ","SUCCESS ","SUCCESS ","FAILURE ","SUCCESS ","SUCCESS ","SUCCESS ","SUCCESS ","SUCCESS  ","pulldown ","? ","org.eclipse.ui.internal.actions.ModifyWorkingSetDelegate:false            ",,,
"    org.eclipse.ui.ide","anonymous",TRUE,5,"SUCCESS ","SUCCESS ","SUCCESS ","FAILURE ","SUCCESS ","SUCCESS ","SUCCESS ","SUCCESS ","SUCCESS  ","pulldown ","? ","org.eclipse.ui.internal.actions.ModifyWorkingSetDelegate:true            ",,,
"    org.eclipse.ui.ide","anonymous",TRUE,6,"SUCCESS ","SUCCESS ","SUCCESS ","FAILURE ","SUCCESS ","SUCCESS ","SUCCESS ","SUCCESS ","SUCCESS  ","pulldown ","? ","org.eclipse.ui.internal.actions.SelectWorkingSetsAction            ",,,
"    org.eclipse.ui.ide","anonymous",TRUE,7,"SUCCESS ","FAILURE ","FAILURE ","FAILURE ","SUCCESS ","SUCCESS ","SUCCESS ","FAILURE ","class does not implement the required interface","? ","? ","org.eclipse.ui.internal.ide.actions.OpenLocalFileAction            ",,,
"    org.eclipse.jdt.ui","anonymous",TRUE,1,"SUCCESS ","SUCCESS ","SUCCESS ","SUCCESS ","SUCCESS ","FAILURE ","FAILURE ","FAILURE ","FAILURE  ","toggle ",TRUE,"?            ",,,
"    org.eclipse.jdt.ui","anonymous",TRUE,2,"SUCCESS ","SUCCESS ","SUCCESS ","SUCCESS ","SUCCESS ","FAILURE ","FAILURE ","FAILURE ","FAILURE  ","toggle ",TRUE,"?            ",,,
"    org.eclipse.jdt.ui","anonymous",TRUE,1,"SUCCESS ","SUCCESS ","SUCCESS ","FAILURE ","SUCCESS ","SUCCESS ","SUCCESS ","SUCCESS ","SUCCESS  ","pulldown ","? ","org.eclipse.jdt.internal.ui.wizards.NewTypeDropDownAction            ",,,
"    org.eclipse.jdt.ui","anonymous",TRUE,2,"SUCCESS ","FAILURE ","FAILURE ","FAILURE ","SUCCESS ","SUCCESS ","SUCCESS ","FAILURE ","class does not implement the required interface","? ","? ","org.eclipse.jdt.internal.ui.wizards.OpenPackageWizardToolbarAction            ",,,
"    org.eclipse.jdt.ui","anonymous",TRUE,3,"SUCCESS ","FAILURE ","FAILURE ","FAILURE ","SUCCESS ","SUCCESS ","SUCCESS ","FAILURE ","class does not implement the required interface","? ","? ","org.eclipse.jdt.internal.ui.wizards.OpenJavaProjectWizardToolbarAction            ",,,
"    org.eclipse.jdt.ui","anonymous",TRUE,1,"SUCCESS ","FAILURE ","FAILURE ","FAILURE ","SUCCESS ","SUCCESS ","SUCCESS ","FAILURE ","class does not implement the required interface","? ","? ","org.eclipse.jdt.internal.ui.actions.OpenTypeInHierarchyAction            ",,,
"    org.eclipse.jdt.ui","anonymous",TRUE,2,"SUCCESS ","FAILURE ","FAILURE ","FAILURE ","SUCCESS ","SUCCESS ","SUCCESS ","FAILURE ","class does not implement the required interface","? ","? ","org.eclipse.jdt.internal.ui.actions.OpenTypeAction            ",,,
"    org.eclipse.jdt.ui","anonymous",TRUE,3,"SUCCESS ","FAILURE ","FAILURE ","SUCCESS ","SUCCESS ","FAILURE ","FAILURE ","FAILURE ","FAILURE  ","? ",TRUE,"?            ",,,
"    org.eclipse.jdt.ui","anonymous",TRUE,4,"SUCCESS ","FAILURE ","FAILURE ","FAILURE ","SUCCESS ","SUCCESS ","SUCCESS ","FAILURE ","class does not implement the required interface","? ","? ","org.eclipse.jdt.internal.ui.actions.GenerateJavadocAction            ",,,
"    org.eclipse.jdt.ui","anonymous",TRUE,1,"SUCCESS ","FAILURE ","FAILURE ","SUCCESS ","SUCCESS ","FAILURE ","FAILURE ","FAILURE ","FAILURE  ","? ",TRUE,"?            ",,,
"    org.eclipse.jdt.ui","anonymous",TRUE,2,"SUCCESS ","FAILURE ","FAILURE ","SUCCESS ","SUCCESS ","FAILURE ","FAILURE ","FAILURE ","FAILURE  ","? ",TRUE,"?            ",,,
"    org.eclipse.jdt.ui","anonymous",TRUE,3,"SUCCESS ","FAILURE ","FAILURE ","SUCCESS ","SUCCESS ","FAILURE ","FAILURE ","FAILURE ","FAILURE  ","? ",TRUE,"?            ",,,
"    org.eclipse.jdt.ui","anonymous",TRUE,1,"SUCCESS ","FAILURE ","FAILURE ","SUCCESS ","SUCCESS ","FAILURE ","FAILURE ","FAILURE ","FAILURE  ","? ",TRUE,"?            ",,,
"    org.eclipse.jdt.ui","anonymous",TRUE,2,"SUCCESS ","FAILURE ","FAILURE ","SUCCESS ","SUCCESS ","FAILURE ","FAILURE ","FAILURE ","FAILURE  ","? ",TRUE,"?            ",,,
"    org.eclipse.jdt.ui","anonymous",TRUE,3,"SUCCESS ","FAILURE ","FAILURE ","SUCCESS ","SUCCESS ","FAILURE ","FAILURE ","FAILURE ","FAILURE  ","? ",TRUE,"?            ",,,
"    org.eclipse.jdt.ui","anonymous",TRUE,4,"SUCCESS ","FAILURE ","FAILURE ","SUCCESS ","SUCCESS ","FAILURE ","FAILURE ","FAILURE ","FAILURE  ","? ",TRUE,"?            ",,,
"    org.eclipse.jdt.ui","anonymous",TRUE,5,"SUCCESS ","FAILURE ","FAILURE ","SUCCESS ","SUCCESS ","FAILURE ","FAILURE ","FAILURE ","FAILURE  ","? ",TRUE,"?            ",,,
"    org.eclipse.jdt.ui","anonymous",TRUE,6,"SUCCESS ","FAILURE ","FAILURE ","SUCCESS ","SUCCESS ","FAILURE ","FAILURE ","FAILURE ","FAILURE  ","? ",TRUE,"?            ",,,
"    org.eclipse.jdt.ui","anonymous",TRUE,7,"SUCCESS ","FAILURE ","FAILURE ","SUCCESS ","SUCCESS ","FAILURE ","FAILURE ","FAILURE ","FAILURE  ","? ",TRUE,"?            ",,,
"    org.eclipse.jdt.ui","anonymous",TRUE,8,"SUCCESS ","FAILURE ","FAILURE ","SUCCESS ","SUCCESS ","FAILURE ","FAILURE ","FAILURE ","FAILURE  ","? ",TRUE,"?            ",,,
"    org.eclipse.jdt.ui","anonymous",TRUE,9,"SUCCESS ","FAILURE ","FAILURE ","SUCCESS ","SUCCESS ","FAILURE ","FAILURE ","FAILURE ","FAILURE  ","? ",TRUE,"?            ",,,
"    org.eclipse.jdt.ui","anonymous",TRUE,10,"SUCCESS ","FAILURE ","FAILURE ","SUCCESS ","SUCCESS ","FAILURE ","FAILURE ","FAILURE ","FAILURE  ","? ",TRUE,"?            ",,,
"    org.eclipse.jdt.ui","anonymous",TRUE,11,"SUCCESS ","FAILURE ","FAILURE ","SUCCESS ","SUCCESS ","FAILURE ","FAILURE ","FAILURE ","FAILURE  ","? ",TRUE,"?            ",,,
"    org.eclipse.jdt.ui","anonymous",TRUE,12,"SUCCESS ","FAILURE ","FAILURE ","SUCCESS ","SUCCESS ","FAILURE ","FAILURE ","FAILURE ","FAILURE  ","? ",TRUE,"?            ",,,
"    org.eclipse.jdt.ui","anonymous",TRUE,13,"SUCCESS ","FAILURE ","FAILURE ","SUCCESS ","SUCCESS ","FAILURE ","FAILURE ","FAILURE ","FAILURE  ","? ",TRUE,"?            ",,,
"    org.eclipse.jdt.ui","anonymous",TRUE,14,"SUCCESS ","FAILURE ","FAILURE ","SUCCESS ","SUCCESS ","FAILURE ","FAILURE ","FAILURE ","FAILURE  ","? ",TRUE,"?            ",,,
"    org.eclipse.jdt.ui","anonymous",TRUE,15,"SUCCESS ","FAILURE ","FAILURE ","SUCCESS ","SUCCESS ","FAILURE ","FAILURE ","FAILURE ","FAILURE  ","? ",TRUE,"?            ",,,
"    org.eclipse.jdt.ui","anonymous",TRUE,16,"SUCCESS ","FAILURE ","FAILURE ","SUCCESS ","SUCCESS ","FAILURE ","FAILURE ","FAILURE ","FAILURE  ","? ",TRUE,"?            ",,,
"    org.eclipse.jdt.ui","anonymous",TRUE,17,"SUCCESS ","FAILURE ","FAILURE ","SUCCESS ","SUCCESS ","FAILURE ","FAILURE ","FAILURE ","FAILURE  ","? ",TRUE,"?            ",,,
"    org.eclipse.jdt.ui","anonymous",TRUE,18,"SUCCESS ","FAILURE ","FAILURE ","SUCCESS ","SUCCESS ","FAILURE ","FAILURE ","FAILURE ","FAILURE  ","? ",TRUE,"?            ",,,
"    org.eclipse.jdt.ui","anonymous",TRUE,19,"SUCCESS ","FAILURE ","FAILURE ","SUCCESS ","SUCCESS ","FAILURE ","FAILURE ","FAILURE ","FAILURE  ","? ",TRUE,"?            ",,,
"    org.eclipse.jdt.ui","anonymous",TRUE,20,"SUCCESS ","FAILURE ","FAILURE ","SUCCESS ","SUCCESS ","FAILURE ","FAILURE ","FAILURE ","FAILURE  ","? ",TRUE,"?            ",,,
"    org.eclipse.jdt.ui","anonymous",TRUE,21,"SUCCESS ","FAILURE ","FAILURE ","SUCCESS ","SUCCESS ","FAILURE ","FAILURE ","FAILURE ","FAILURE  ","? ",TRUE,"?            ",,,
"    org.eclipse.jdt.ui","anonymous",TRUE,22,"SUCCESS ","FAILURE ","FAILURE ","SUCCESS ","SUCCESS ","FAILURE ","FAILURE ","FAILURE ","FAILURE  ","? ",TRUE,"?            ",,,
"    org.eclipse.jdt.ui","anonymous",TRUE,23,"SUCCESS ","FAILURE ","FAILURE ","SUCCESS ","SUCCESS ","FAILURE ","FAILURE ","FAILURE ","FAILURE  ","? ",TRUE,"?            ",,,
"    org.eclipse.jdt.ui","anonymous",TRUE,24,"SUCCESS ","FAILURE ","FAILURE ","SUCCESS ","SUCCESS ","FAILURE ","FAILURE ","FAILURE ","FAILURE  ","? ",TRUE,"?            ",,,
"    org.eclipse.jdt.ui","anonymous",TRUE,25,"SUCCESS ","FAILURE ","FAILURE ","SUCCESS ","SUCCESS ","FAILURE ","FAILURE ","FAILURE ","FAILURE  ","? ",TRUE,"?            ",,,
"    org.eclipse.jdt.ui","anonymous",TRUE,26,"SUCCESS ","FAILURE ","FAILURE ","SUCCESS ","SUCCESS ","FAILURE ","FAILURE ","FAILURE ","FAILURE  ","? ",TRUE,"?            ",,,
"    org.eclipse.jdt.ui","anonymous",TRUE,27,"SUCCESS ","FAILURE ","FAILURE ","SUCCESS ","SUCCESS ","FAILURE ","FAILURE ","FAILURE ","FAILURE  ","? ",TRUE,"?            ",,,
"    org.eclipse.jdt.ui","anonymous",TRUE,28,"SUCCESS ","FAILURE ","FAILURE ","SUCCESS ","SUCCESS ","FAILURE ","FAILURE ","FAILURE ","FAILURE  ","? ",TRUE,"?            ",,,
"    org.eclipse.jdt.ui","anonymous",TRUE,29,"SUCCESS ","FAILURE ","FAILURE ","FAILURE ","SUCCESS ","SUCCESS ","SUCCESS ","FAILURE ","class does not implement the required interface","? ","? ","org.eclipse.jdt.internal.ui.refactoring.actions.ShowRefactoringHistoryAction            ",,,
"    org.eclipse.jdt.ui","anonymous",TRUE,30,"SUCCESS ","FAILURE ","FAILURE ","FAILURE ","SUCCESS ","SUCCESS ","SUCCESS ","FAILURE ","class does not implement the required interface","? ","? ","org.eclipse.jdt.internal.ui.refactoring.actions.ApplyRefactoringScriptAction            ",,,
"    org.eclipse.jdt.ui","anonymous",TRUE,31,"SUCCESS ","FAILURE ","FAILURE ","FAILURE ","SUCCESS ","SUCCESS ","SUCCESS ","FAILURE ","class does not implement the required interface","? ","? ","org.eclipse.jdt.internal.ui.refactoring.actions.CreateRefactoringScriptAction            ",,,
"    org.eclipse.jdt.ui","anonymous",TRUE,32,"SUCCESS ","FAILURE ","FAILURE ","FAILURE ","SUCCESS ","SUCCESS ","SUCCESS ","FAILURE ","class does not implement the required interface","? ","? ","org.eclipse.jdt.internal.ui.refactoring.actions.MigrateJarFileAction            ",,,
"    org.eclipse.jdt.ui","anonymous",TRUE,33,"SUCCESS ","FAILURE ","FAILURE ","SUCCESS ","SUCCESS ","FAILURE ","FAILURE ","FAILURE ","FAILURE  ","? ",TRUE,"?            ",,,
"    org.eclipse.jdt.ui","anonymous",TRUE,34,"SUCCESS ","FAILURE ","FAILURE ","SUCCESS ","SUCCESS ","FAILURE ","FAILURE ","FAILURE ","FAILURE  ","? ",TRUE,"?            ",,,
"    org.eclipse.jdt.ui","anonymous",TRUE,35,"SUCCESS ","SUCCESS ","SUCCESS ","FAILURE ","SUCCESS ","SUCCESS ","SUCCESS ","SUCCESS ","SUCCESS  ","pulldown ","? ","org.eclipse.jdt.internal.ui.actions.SurroundWithTemplateMenuAction            ",,,
"    org.eclipse.jdt.ui","anonymous",TRUE,36,"SUCCESS ","FAILURE ","FAILURE ","SUCCESS ","SUCCESS ","FAILURE ","FAILURE ","FAILURE ","FAILURE  ","? ",TRUE,"?            ",,,
"    org.eclipse.jdt.ui","anonymous",TRUE,37,"SUCCESS ","FAILURE ","FAILURE ","SUCCESS ","SUCCESS ","FAILURE ","FAILURE ","FAILURE ","FAILURE  ","? ",TRUE,"?            ",,,
"    org.eclipse.jdt.ui","anonymous",TRUE,38,"SUCCESS ","FAILURE ","FAILURE ","SUCCESS ","SUCCESS ","FAILURE ","FAILURE ","FAILURE ","FAILURE  ","? ",TRUE,"?            ",,,
"    org.eclipse.jdt.ui","anonymous",TRUE,39,"SUCCESS ","FAILURE ","FAILURE ","SUCCESS ","SUCCESS ","FAILURE ","FAILURE ","FAILURE ","FAILURE  ","? ",TRUE,"?            ",,,
"    org.eclipse.jdt.ui","anonymous",TRUE,40,"SUCCESS ","FAILURE ","FAILURE ","SUCCESS ","SUCCESS ","FAILURE ","FAILURE ","FAILURE ","FAILURE  ","? ",TRUE,"?            ",,,
"    org.eclipse.jdt.ui","anonymous",TRUE,41,"SUCCESS ","FAILURE ","FAILURE ","SUCCESS ","SUCCESS ","FAILURE ","FAILURE ","FAILURE ","FAILURE  ","? ",TRUE,"?            ",,,
"    org.eclipse.jdt.ui","anonymous",TRUE,42,"SUCCESS ","FAILURE ","FAILURE ","SUCCESS ","SUCCESS ","FAILURE ","FAILURE ","FAILURE ","FAILURE  ","? ",TRUE,"?            ",,,
"    org.eclipse.jdt.ui","anonymous",TRUE,43,"SUCCESS ","FAILURE ","FAILURE ","SUCCESS ","SUCCESS ","FAILURE ","FAILURE ","FAILURE ","FAILURE  ","? ",TRUE,"?            ",,,
"    org.eclipse.jdt.ui","anonymous",TRUE,44,"SUCCESS ","FAILURE ","FAILURE ","SUCCESS ","SUCCESS ","FAILURE ","FAILURE ","FAILURE ","FAILURE  ","? ",TRUE,"?            ",,,
"    org.eclipse.jdt.ui","anonymous",TRUE,45,"SUCCESS ","FAILURE ","FAILURE ","SUCCESS ","SUCCESS ","FAILURE ","FAILURE ","FAILURE ","FAILURE  ","? ",TRUE,"?            ",,,
"    org.eclipse.jdt.ui","anonymous",TRUE,46,"SUCCESS ","FAILURE ","FAILURE ","SUCCESS ","SUCCESS ","FAILURE ","FAILURE ","FAILURE ","FAILURE  ","? ",TRUE,"?            ",,,
"    org.eclipse.jdt.ui","anonymous",TRUE,47,"SUCCESS ","FAILURE ","FAILURE ","SUCCESS ","SUCCESS ","FAILURE ","FAILURE ","FAILURE ","FAILURE  ","? ",TRUE,"?            ",,,
"    org.eclipse.jdt.ui","anonymous",TRUE,48,"SUCCESS ","FAILURE ","FAILURE ","SUCCESS ","SUCCESS ","FAILURE ","FAILURE ","FAILURE ","FAILURE  ","? ",TRUE,"?            ",,,
"    org.eclipse.jdt.ui","anonymous",TRUE,49,"SUCCESS ","FAILURE ","FAILURE ","SUCCESS ","SUCCESS ","FAILURE ","FAILURE ","FAILURE ","FAILURE  ","? ",TRUE,"?            ",,,
"    org.eclipse.jdt.ui","anonymous",TRUE,50,"SUCCESS ","FAILURE ","FAILURE ","SUCCESS ","SUCCESS ","FAILURE ","FAILURE ","FAILURE ","FAILURE  ","? ",TRUE,"?            ",,,
"    org.eclipse.jdt.ui","anonymous",TRUE,51,"SUCCESS ","FAILURE ","FAILURE ","SUCCESS ","SUCCESS ","FAILURE ","FAILURE ","FAILURE ","FAILURE  ","? ",TRUE,"?            ",,,
"    org.eclipse.jdt.ui","anonymous",TRUE,52,"SUCCESS ","FAILURE ","FAILURE ","SUCCESS ","SUCCESS ","FAILURE ","FAILURE ","FAILURE ","FAILURE  ","? ",TRUE,"?            ",,,
"    org.eclipse.jdt.ui","anonymous",TRUE,53,"SUCCESS ","FAILURE ","FAILURE ","SUCCESS ","SUCCESS ","FAILURE ","FAILURE ","FAILURE ","FAILURE  ","? ",TRUE,"?            ",,,
"    org.eclipse.jdt.ui","anonymous",TRUE,54,"SUCCESS ","FAILURE ","FAILURE ","SUCCESS ","SUCCESS ","FAILURE ","FAILURE ","FAILURE ","FAILURE  ","? ",TRUE,"?            ",,,
"    org.eclipse.jdt.ui","anonymous",TRUE,55,"SUCCESS ","FAILURE ","FAILURE ","SUCCESS ","SUCCESS ","FAILURE ","FAILURE ","FAILURE ","FAILURE  ","? ",TRUE,"?            ",,,
"    org.eclipse.jdt.ui","anonymous",TRUE,56,"SUCCESS ","FAILURE ","FAILURE ","SUCCESS ","SUCCESS ","FAILURE ","FAILURE ","FAILURE ","FAILURE  ","? ",TRUE,"?            ",,,
"    org.eclipse.jdt.ui","anonymous",TRUE,1,"SUCCESS ","FAILURE ","FAILURE ","FAILURE ","SUCCESS ","SUCCESS ","SUCCESS ","FAILURE ","class does not implement the required interface","? ","? ","org.eclipse.jdt.internal.ui.search.OpenJavaSearchPageAction            ",,,
"    org.eclipse.jdt.ui","anonymous",TRUE,2,"SUCCESS ","SUCCESS ","SUCCESS ","FAILURE ","SUCCESS ","SUCCESS ","SUCCESS ","SUCCESS ","SUCCESS  ","pulldown ","? ","org.eclipse.jdt.internal.ui.actions.OccurrencesSearchMenuAction            ",,,
"    org.eclipse.jdt.ui","anonymous",TRUE,3,"SUCCESS ","FAILURE ","FAILURE ","SUCCESS ","SUCCESS ","FAILURE ","FAILURE ","FAILURE ","FAILURE  ","? ",TRUE,"?            ",,,
"    org.eclipse.jdt.ui","anonymous",TRUE,4,"SUCCESS ","FAILURE ","FAILURE ","SUCCESS ","SUCCESS ","FAILURE ","FAILURE ","FAILURE ","FAILURE  ","? ",TRUE,"?            ",,,
"    org.eclipse.jdt.ui","anonymous",TRUE,5,"SUCCESS ","FAILURE ","FAILURE ","SUCCESS ","SUCCESS ","FAILURE ","FAILURE ","FAILURE ","FAILURE  ","? ",TRUE,"?            ",,,
"    org.eclipse.jdt.ui","anonymous",TRUE,6,"SUCCESS ","FAILURE ","FAILURE ","SUCCESS ","SUCCESS ","FAILURE ","FAILURE ","FAILURE ","FAILURE  ","? ",TRUE,"?            ",,,
"    org.eclipse.jdt.ui","anonymous",TRUE,7,"SUCCESS ","FAILURE ","FAILURE ","SUCCESS ","SUCCESS ","FAILURE ","FAILURE ","FAILURE ","FAILURE  ","? ",TRUE,"?            ",,,
"    org.eclipse.jdt.ui","anonymous",TRUE,8,"SUCCESS ","FAILURE ","FAILURE ","SUCCESS ","SUCCESS ","FAILURE ","FAILURE ","FAILURE ","FAILURE  ","? ",TRUE,"?            ",,,
"    org.eclipse.jdt.ui","anonymous",TRUE,9,"SUCCESS ","FAILURE ","FAILURE ","SUCCESS ","SUCCESS ","FAILURE ","FAILURE ","FAILURE ","FAILURE  ","? ",TRUE,"?            ",,,
"    org.eclipse.jdt.ui","anonymous",TRUE,10,"SUCCESS ","FAILURE ","FAILURE ","SUCCESS ","SUCCESS ","FAILURE ","FAILURE ","FAILURE ","FAILURE  ","? ",TRUE,"?            ",,,
"    org.eclipse.jdt.ui","anonymous",TRUE,11,"SUCCESS ","FAILURE ","FAILURE ","SUCCESS ","SUCCESS ","FAILURE ","FAILURE ","FAILURE ","FAILURE  ","? ",TRUE,"?            ",,,
"    org.eclipse.jdt.ui","anonymous",TRUE,12,"SUCCESS ","FAILURE ","FAILURE ","SUCCESS ","SUCCESS ","FAILURE ","FAILURE ","FAILURE ","FAILURE  ","? ",TRUE,"?            ",,,
"    org.eclipse.jdt.ui","anonymous",TRUE,13,"SUCCESS ","FAILURE ","FAILURE ","SUCCESS ","SUCCESS ","FAILURE ","FAILURE ","FAILURE ","FAILURE  ","? ",TRUE,"?            ",,,
"    org.eclipse.jdt.ui","anonymous",TRUE,14,"SUCCESS ","FAILURE ","FAILURE ","SUCCESS ","SUCCESS ","FAILURE ","FAILURE ","FAILURE ","FAILURE  ","? ",TRUE,"?            ",,,
"    org.eclipse.jdt.ui","anonymous",TRUE,15,"SUCCESS ","FAILURE ","FAILURE ","SUCCESS ","SUCCESS ","FAILURE ","FAILURE ","FAILURE ","FAILURE  ","? ",TRUE,"?            ",,,
"    org.eclipse.jdt.ui","anonymous",TRUE,16,"SUCCESS ","FAILURE ","FAILURE ","SUCCESS ","SUCCESS ","FAILURE ","FAILURE ","FAILURE ","FAILURE  ","? ",TRUE,"?            ",,,
"    org.eclipse.jdt.ui","anonymous",TRUE,17,"SUCCESS ","FAILURE ","FAILURE ","SUCCESS ","SUCCESS ","FAILURE ","FAILURE ","FAILURE ","FAILURE  ","? ",TRUE,"?            ",,,
"    org.eclipse.jdt.ui","anonymous",TRUE,18,"SUCCESS ","FAILURE ","FAILURE ","SUCCESS ","SUCCESS ","FAILURE ","FAILURE ","FAILURE ","FAILURE  ","? ",TRUE,"?            ",,,
"    org.eclipse.jdt.ui","anonymous",TRUE,19,"SUCCESS ","FAILURE ","FAILURE ","SUCCESS ","SUCCESS ","FAILURE ","FAILURE ","FAILURE ","FAILURE  ","? ",TRUE,"?            ",,,
"    org.eclipse.jdt.ui","anonymous",TRUE,20,"SUCCESS ","FAILURE ","FAILURE ","SUCCESS ","SUCCESS ","FAILURE ","FAILURE ","FAILURE ","FAILURE  ","? ",TRUE,"?            ",,,
"    org.eclipse.jdt.ui","anonymous",TRUE,21,"SUCCESS ","FAILURE ","FAILURE ","SUCCESS ","SUCCESS ","FAILURE ","FAILURE ","FAILURE ","FAILURE  ","? ",TRUE,"?            ",,,
"    org.eclipse.jdt.ui","anonymous",TRUE,22,"SUCCESS ","FAILURE ","FAILURE ","SUCCESS ","SUCCESS ","FAILURE ","FAILURE ","FAILURE ","FAILURE  ","? ",TRUE,"?            ",,,
"    org.eclipse.jdt.ui","anonymous",TRUE,23,"SUCCESS ","FAILURE ","FAILURE ","SUCCESS ","SUCCESS ","FAILURE ","FAILURE ","FAILURE ","FAILURE  ","? ",TRUE,"?            ",,,
"    org.eclipse.jdt.ui","anonymous",TRUE,24,"SUCCESS ","FAILURE ","FAILURE ","SUCCESS ","SUCCESS ","FAILURE ","FAILURE ","FAILURE ","FAILURE  ","? ",TRUE,"?            ",,,
"    org.eclipse.jdt.ui","anonymous",TRUE,25,"SUCCESS ","FAILURE ","FAILURE ","SUCCESS ","SUCCESS ","FAILURE ","FAILURE ","FAILURE ","FAILURE  ","? ",TRUE,"?            ",,,
"    org.eclipse.jdt.ui","anonymous",TRUE,26,"SUCCESS ","FAILURE ","FAILURE ","SUCCESS ","SUCCESS ","FAILURE ","FAILURE ","FAILURE ","FAILURE  ","? ",TRUE,"?            ",,,
"    org.eclipse.team.ui","anonymous",TRUE,1,"SUCCESS ","SUCCESS ","SUCCESS ","FAILURE ","SUCCESS ","SUCCESS ","SUCCESS ","SUCCESS ","SUCCESS  ","pulldown ","? ","org.eclipse.team.internal.ui.synchronize.actions.GlobalRefreshAction            ",,,
"    org.eclipse.team.ui","anonymous",TRUE,2,"SUCCESS ","FAILURE ","FAILURE ","FAILURE ","SUCCESS ","SUCCESS ","SUCCESS ","FAILURE ","class does not implement the required interface","? ","? ","org.eclipse.team.internal.ui.actions.ConfigureProjectAction            ",,,
"    org.eclipse.team.ui","anonymous",TRUE,3,"SUCCESS ","FAILURE ","FAILURE ","FAILURE ","SUCCESS ","SUCCESS ","SUCCESS ","FAILURE ","class does not implement the required interface","? ","? ","org.eclipse.team.internal.ui.actions.ApplyPatchAction            ",,,
"    org.eclipse.wst.server.ui","anonymous",FALSE,1,"SUCCESS ","FAILURE ","FAILURE ","FAILURE ","SUCCESS ","SUCCESS ","SUCCESS ","FAILURE ","class does not implement the required interface","? ","? ","org.eclipse.wst.server.ui.internal.actions.NewServerAction            ",,,
"    org.eclipse.wst.server.ui","anonymous",TRUE,1,"SUCCESS ","FAILURE ","FAILURE ","FAILURE ","SUCCESS ","SUCCESS ","SUCCESS ","FAILURE ","class does not implement the required interface","? ","? ","org.eclipse.wst.server.ui.internal.webbrowser.OpenBrowserWorkbenchAction            ",,,
"    org.eclipse.wst.server.ui","anonymous",TRUE,2,"SUCCESS ","SUCCESS ","SUCCESS ","FAILURE ","SUCCESS ","SUCCESS ","SUCCESS ","SUCCESS ","SUCCESS  ","pulldown ","? ","org.eclipse.wst.server.ui.internal.webbrowser.SwitchBrowserWorkbenchAction            ",,,
"    org.eclipse.jem.ui","anonymous",TRUE,1,"SUCCESS ","SUCCESS ","SUCCESS ","FAILURE ","SUCCESS ","SUCCESS ","SUCCESS ","SUCCESS ","SUCCESS  ","pulldown ","? ","org.eclipse.jem.internal.ui.proxy.ProxyLaunchToolbarDelegate            ",,,
"    org.eclipse.jem.ui","anonymous",TRUE,2,"SUCCESS ","FAILURE ","FAILURE ","FAILURE ","SUCCESS ","SUCCESS ","SUCCESS ","FAILURE ","class does not implement the required interface","? ","? ","org.eclipse.jem.internal.ui.proxy.SelectDefaultConfigurationActionDelegate            ",,,
"    org.eclipse.jem.ui","anonymous",TRUE,3,"SUCCESS ","FAILURE ","FAILURE ","FAILURE ","SUCCESS ","SUCCESS ","SUCCESS ","FAILURE ","class does not implement the required interface","? ","? ","org.eclipse.jem.internal.ui.proxy.ProxyLaunchMenuDelegate            ",,,
"    org.eclipse.ui.editors","anonymous",TRUE,1,"SUCCESS ","SUCCESS ","SUCCESS ","SUCCESS ","SUCCESS ","SUCCESS ","SUCCESS ","SUCCESS ","SUCCESS  ","pulldown ",TRUE,"org.eclipse.ui.internal.editors.text.PreviousPulldownActionDelegate            ",,,
"    org.eclipse.ui.editors","anonymous",TRUE,2,"SUCCESS ","SUCCESS ","SUCCESS ","SUCCESS ","SUCCESS ","SUCCESS ","SUCCESS ","SUCCESS ","SUCCESS  ","pulldown ",TRUE,"org.eclipse.ui.internal.editors.text.NextPulldownActionDelegate            ",,,
"    org.eclipse.ui.editors","anonymous",TRUE,3,"SUCCESS ","FAILURE ","FAILURE ","FAILURE ","SUCCESS ","SUCCESS ","SUCCESS ","FAILURE ","class does not implement the required interface","? ","? ","org.eclipse.ui.internal.texteditor.GotoLastEditPositionAction            ",,,
"    org.eclipse.ui.editors","anonymous",TRUE,4,"SUCCESS ","FAILURE ","FAILURE ","FAILURE ","SUCCESS ","SUCCESS ","SUCCESS ","FAILURE ","class does not implement the required interface","? ","? ","org.eclipse.ui.internal.editors.text.ConvertLineDelimitersToMacOS9            ",,,
"    org.eclipse.ui.editors","anonymous",TRUE,5,"SUCCESS ","FAILURE ","FAILURE ","FAILURE ","SUCCESS ","SUCCESS ","SUCCESS ","FAILURE ","class does not implement the required interface","? ","? ","org.eclipse.ui.internal.editors.text.ConvertLineDelimitersToUnix            ",,,
"    org.eclipse.ui.editors","anonymous",TRUE,6,"SUCCESS ","FAILURE ","FAILURE ","FAILURE ","SUCCESS ","SUCCESS ","SUCCESS ","FAILURE ","class does not implement the required interface","? ","? ","org.eclipse.ui.internal.editors.text.ConvertLineDelimitersToWindows            ",,,
"    org.eclipse.dltk.ui","anonymous",TRUE,1,"SUCCESS ","FAILURE ","FAILURE ","SUCCESS ","SUCCESS ","FAILURE ","FAILURE ","FAILURE ","FAILURE  ","? ",TRUE,"?            ",,,
"    org.eclipse.dltk.ui","anonymous",TRUE,2,"SUCCESS ","FAILURE ","FAILURE ","SUCCESS ","SUCCESS ","FAILURE ","FAILURE ","FAILURE ","FAILURE  ","? ",TRUE,"?            ",,,
"    org.eclipse.dltk.ui","anonymous",TRUE,3,"SUCCESS ","FAILURE ","FAILURE ","SUCCESS ","SUCCESS ","FAILURE ","FAILURE ","FAILURE ","FAILURE  ","? ",TRUE,"?            ",,,
"    org.eclipse.dltk.ui","anonymous",TRUE,4,"SUCCESS ","FAILURE ","FAILURE ","SUCCESS ","SUCCESS ","FAILURE ","FAILURE ","FAILURE ","FAILURE  ","? ",TRUE,"?            ",,,
"    org.eclipse.dltk.ui","anonymous",TRUE,5,"SUCCESS ","FAILURE ","FAILURE ","SUCCESS ","SUCCESS ","FAILURE ","FAILURE ","FAILURE ","FAILURE  ","? ",TRUE,"?            ",,,
"    org.eclipse.dltk.ui","anonymous",TRUE,1,"SUCCESS ","FAILURE ","FAILURE ","SUCCESS ","SUCCESS ","FAILURE ","FAILURE ","FAILURE ","FAILURE  ","? ",TRUE,"?            ",,,
"    org.eclipse.dltk.ui","anonymous",TRUE,2,"SUCCESS ","FAILURE ","FAILURE ","SUCCESS ","SUCCESS ","FAILURE ","FAILURE ","FAILURE ","FAILURE  ","? ",TRUE,"?            ",,,
"    org.eclipse.dltk.ui","anonymous",TRUE,3,"SUCCESS ","FAILURE ","FAILURE ","SUCCESS ","SUCCESS ","FAILURE ","FAILURE ","FAILURE ","FAILURE  ","? ",TRUE,"?            ",,,
"    org.eclipse.dltk.ui","anonymous",TRUE,1,"SUCCESS ","FAILURE ","FAILURE ","SUCCESS ","SUCCESS ","FAILURE ","FAILURE ","FAILURE ","FAILURE  ","? ",TRUE,"?            ",,,
"    org.eclipse.dltk.ui","anonymous",TRUE,2,"SUCCESS ","FAILURE ","FAILURE ","SUCCESS ","SUCCESS ","FAILURE ","FAILURE ","FAILURE ","FAILURE  ","? ",TRUE,"?            ",,,
"    org.eclipse.dltk.ui","anonymous",TRUE,3,"SUCCESS ","FAILURE ","FAILURE ","SUCCESS ","SUCCESS ","FAILURE ","FAILURE ","FAILURE ","FAILURE  ","? ",TRUE,"?            ",,,
"    org.eclipse.dltk.ui","anonymous",TRUE,4,"SUCCESS ","FAILURE ","FAILURE ","SUCCESS ","SUCCESS ","FAILURE ","FAILURE ","FAILURE ","FAILURE  ","? ",TRUE,"?            ",,,
"    org.eclipse.dltk.ui","anonymous",TRUE,5,"SUCCESS ","FAILURE ","FAILURE ","SUCCESS ","SUCCESS ","FAILURE ","FAILURE ","FAILURE ","FAILURE  ","? ",TRUE,"?            ",,,
"    org.eclipse.dltk.ui","anonymous",TRUE,6,"SUCCESS ","FAILURE ","FAILURE ","SUCCESS ","SUCCESS ","FAILURE ","FAILURE ","FAILURE ","FAILURE  ","? ",TRUE,"?            ",,,
"    org.eclipse.dltk.ui","anonymous",TRUE,7,"SUCCESS ","FAILURE ","FAILURE ","SUCCESS ","SUCCESS ","FAILURE ","FAILURE ","FAILURE ","FAILURE  ","? ",TRUE,"?            ",,,
"    org.eclipse.dltk.ui","anonymous",TRUE,8,"SUCCESS ","FAILURE ","FAILURE ","SUCCESS ","SUCCESS ","FAILURE ","FAILURE ","FAILURE ","FAILURE  ","? ",TRUE,"?            ",,,
"    org.eclipse.dltk.ui","anonymous",TRUE,9,"SUCCESS ","FAILURE ","FAILURE ","SUCCESS ","SUCCESS ","FAILURE ","FAILURE ","FAILURE ","FAILURE  ","? ",TRUE,"?            ",,,
"    org.eclipse.dltk.ui","anonymous",TRUE,10,"SUCCESS ","FAILURE ","FAILURE ","SUCCESS ","SUCCESS ","FAILURE ","FAILURE ","FAILURE ","FAILURE  ","? ",TRUE,"?            ",,,
"    org.eclipse.dltk.ui","anonymous",TRUE,11,"SUCCESS ","FAILURE ","FAILURE ","SUCCESS ","SUCCESS ","FAILURE ","FAILURE ","FAILURE ","FAILURE  ","? ",TRUE,"?            ",,,
"    org.eclipse.dltk.ui","anonymous",TRUE,12,"SUCCESS ","FAILURE ","FAILURE ","SUCCESS ","SUCCESS ","FAILURE ","FAILURE ","FAILURE ","FAILURE  ","? ",TRUE,"?            ",,,
"    org.eclipse.dltk.ui","anonymous",TRUE,13,"SUCCESS ","FAILURE ","FAILURE ","SUCCESS ","SUCCESS ","FAILURE ","FAILURE ","FAILURE ","FAILURE  ","? ",TRUE,"?            ",,,
"    org.eclipse.dltk.ui","anonymous",TRUE,14,"SUCCESS ","FAILURE ","FAILURE ","SUCCESS ","SUCCESS ","FAILURE ","FAILURE ","FAILURE ","FAILURE  ","? ",TRUE,"?            ",,,
"    org.eclipse.dltk.ui","anonymous",TRUE,15,"SUCCESS ","FAILURE ","FAILURE ","SUCCESS ","SUCCESS ","FAILURE ","FAILURE ","FAILURE ","FAILURE  ","? ",TRUE,"?            ",,,
"    org.eclipse.dltk.ui","anonymous",TRUE,16,"SUCCESS ","FAILURE ","FAILURE ","SUCCESS ","SUCCESS ","FAILURE ","FAILURE ","FAILURE ","FAILURE  ","? ",TRUE,"?            ",,,
"    org.eclipse.dltk.ui","anonymous",TRUE,17,"SUCCESS ","FAILURE ","FAILURE ","SUCCESS ","SUCCESS ","FAILURE ","FAILURE ","FAILURE ","FAILURE  ","? ",TRUE,"?            ",,,
"    org.eclipse.dltk.ui","anonymous",TRUE,18,"SUCCESS ","FAILURE ","FAILURE ","SUCCESS ","SUCCESS ","FAILURE ","FAILURE ","FAILURE ","FAILURE  ","? ",TRUE,"?            ",,,
"    org.eclipse.dltk.ui","anonymous",TRUE,19,"SUCCESS ","FAILURE ","FAILURE ","SUCCESS ","SUCCESS ","FAILURE ","FAILURE ","FAILURE ","FAILURE  ","? ",TRUE,"?            ",,,
"    org.eclipse.team.svn.ui","anonymous",TRUE,1,"SUCCESS ","FAILURE ","FAILURE ","FAILURE ","SUCCESS ","SUCCESS ","SUCCESS ","FAILURE ","class does not implement the required interface","? ","? ","org.eclipse.team.svn.ui.debugmail.SendBugReportAction            ",,,
"    org.eclipse.team.svn.ui","anonymous",TRUE,2,"SUCCESS ","FAILURE ","FAILURE ","FAILURE ","SUCCESS ","SUCCESS ","SUCCESS ","FAILURE ","class does not implement the required interface","? ","? ","org.eclipse.team.svn.ui.debugmail.SendTipForImprovementAction            ",,,
"    org.eclipse.team.svn.ui","anonymous",TRUE,3,"SUCCESS ","FAILURE ","FAILURE ","FAILURE ","SUCCESS ","SUCCESS ","SUCCESS ","FAILURE ","class does not implement the required interface","? ","? ","org.eclipse.team.svn.ui.debugmail.MigrateToEclipse            ",,,
"    org.eclipse.team.svn.ui","anonymous",TRUE,4,"SUCCESS ","FAILURE ","FAILURE ","FAILURE ","SUCCESS ","SUCCESS ","SUCCESS ","FAILURE ","class does not implement the required interface","? ","? ","org.eclipse.team.svn.ui.action.remote.CopyUrlAction            ",,,
"    org.eclipse.team.svn.ui","anonymous",TRUE,5,"SUCCESS ","FAILURE ","FAILURE ","FAILURE ","SUCCESS ","SUCCESS ","SUCCESS ","FAILURE ","class does not implement the required interface","? ","? ","org.eclipse.team.svn.ui.action.remote.CompareAction            ",,,
"    org.eclipse.team.svn.ui","anonymous",TRUE,6,"SUCCESS ","FAILURE ","FAILURE ","FAILURE ","SUCCESS ","SUCCESS ","SUCCESS ","FAILURE ","class does not implement the required interface","? ","? ","org.eclipse.team.svn.ui.action.remote.CompareWithTagAction            ",,,
"    org.eclipse.team.svn.ui","anonymous",TRUE,7,"SUCCESS ","FAILURE ","FAILURE ","FAILURE ","SUCCESS ","SUCCESS ","SUCCESS ","FAILURE ","class does not implement the required interface","? ","? ","org.eclipse.team.svn.ui.action.remote.CompareWithBranchAction            ",,,
"    org.eclipse.team.svn.ui","anonymous",TRUE,8,"SUCCESS ","FAILURE ","FAILURE ","FAILURE ","SUCCESS ","SUCCESS ","SUCCESS ","FAILURE ","class does not implement the required interface","? ","? ","org.eclipse.team.svn.ui.action.remote.CompareSelectedAction            ",,,
"    org.eclipse.team.svn.ui","anonymous",TRUE,9,"SUCCESS ","FAILURE ","FAILURE ","FAILURE ","SUCCESS ","SUCCESS ","SUCCESS ","FAILURE ","class does not implement the required interface","? ","? ","org.eclipse.team.svn.ui.action.local.CompareWithLatestRevisionAction            ",,,
"    org.eclipse.team.svn.ui","anonymous",TRUE,10,"SUCCESS ","FAILURE ","FAILURE ","FAILURE ","SUCCESS ","SUCCESS ","SUCCESS ","FAILURE ","class does not implement the required interface","? ","? ","org.eclipse.team.svn.ui.action.local.CompareWithRevisionAction            ",,,
"    org.eclipse.team.svn.ui","anonymous",TRUE,11,"SUCCESS ","FAILURE ","FAILURE ","FAILURE ","SUCCESS ","SUCCESS ","SUCCESS ","FAILURE ","class does not implement the required interface","? ","? ","org.eclipse.team.svn.ui.action.local.CompareWithBranchAction            ",,,
"    org.eclipse.team.svn.ui","anonymous",TRUE,12,"SUCCESS ","FAILURE ","FAILURE ","FAILURE ","SUCCESS ","SUCCESS ","SUCCESS ","FAILURE ","class does not implement the required interface","? ","? ","org.eclipse.team.svn.ui.action.local.CompareWithTagAction            ",,,
"    org.eclipse.team.svn.ui","anonymous",TRUE,13,"SUCCESS ","FAILURE ","FAILURE ","FAILURE ","SUCCESS ","SUCCESS ","SUCCESS ","FAILURE ","class does not implement the required interface","? ","? ","org.eclipse.team.svn.ui.action.local.CompareWithWorkingCopyAction            ",,,
"    org.eclipse.team.svn.ui","anonymous",TRUE,14,"SUCCESS ","FAILURE ","FAILURE ","FAILURE ","SUCCESS ","SUCCESS ","SUCCESS ","FAILURE ","class does not implement the required interface","? ","? ","org.eclipse.team.svn.ui.action.local.management.DisconnectAction            ",,,
"    org.eclipse.team.svn.ui","anonymous",TRUE,15,"SUCCESS ","FAILURE ","FAILURE ","FAILURE ","SUCCESS ","SUCCESS ","SUCCESS ","FAILURE ","class does not implement the required interface","? ","? ","org.eclipse.team.svn.ui.action.local.ReplaceWithLatestRevisionAction            ",,,
"    org.eclipse.team.svn.ui","anonymous",TRUE,16,"SUCCESS ","FAILURE ","FAILURE ","FAILURE ","SUCCESS ","SUCCESS ","SUCCESS ","FAILURE ","class does not implement the required interface","? ","? ","org.eclipse.team.svn.ui.action.local.ReplaceWithRevisionAction            ",,,
"    org.eclipse.team.svn.ui","anonymous",TRUE,17,"SUCCESS ","FAILURE ","FAILURE ","FAILURE ","SUCCESS ","SUCCESS ","SUCCESS ","FAILURE ","class does not implement the required interface","? ","? ","org.eclipse.team.svn.ui.action.local.ReplaceWithBranchAction            ",,,
"    org.eclipse.team.svn.ui","anonymous",TRUE,18,"SUCCESS ","FAILURE ","FAILURE ","FAILURE ","SUCCESS ","SUCCESS ","SUCCESS ","FAILURE ","class does not implement the required interface","? ","? ","org.eclipse.team.svn.ui.action.local.ReplaceWithTagAction            ",,,
"    org.eclipse.team.svn.ui","anonymous",TRUE,19,"SUCCESS ","FAILURE ","FAILURE ","FAILURE ","SUCCESS ","SUCCESS ","SUCCESS ","FAILURE ","class does not implement the required interface","? ","? ","org.eclipse.team.svn.ui.action.local.management.ShareProjectsAction            ",,,
"    org.eclipse.team.svn.ui","anonymous",TRUE,20,"SUCCESS ","FAILURE ","FAILURE ","FAILURE ","SUCCESS ","SUCCESS ","SUCCESS ","FAILURE ","class does not implement the required interface","? ","? ","org.eclipse.team.svn.ui.action.local.management.CleanupAction            ",,,
"    org.eclipse.team.svn.ui","anonymous",TRUE,21,"SUCCESS ","FAILURE ","FAILURE ","FAILURE ","SUCCESS ","SUCCESS ","SUCCESS ","FAILURE ","class does not implement the required interface","? ","? ","org.eclipse.team.svn.ui.action.local.management.DisconnectAction            ",,,
"    org.eclipse.team.svn.ui","anonymous",TRUE,22,"SUCCESS ","FAILURE ","FAILURE ","FAILURE ","SUCCESS ","SUCCESS ","SUCCESS ","FAILURE ","class does not implement the required interface","? ","? ","org.eclipse.team.svn.ui.action.local.ExportAction            ",,,
"    org.eclipse.team.svn.ui","anonymous",TRUE,23,"SUCCESS ","FAILURE ","FAILURE ","FAILURE ","SUCCESS ","SUCCESS ","SUCCESS ","FAILURE ","class does not implement the required interface","? ","? ","org.eclipse.team.svn.ui.action.local.CopyAction            ",,,
"    org.eclipse.team.svn.ui","anonymous",TRUE,24,"SUCCESS ","FAILURE ","FAILURE ","FAILURE ","SUCCESS ","SUCCESS ","SUCCESS ","FAILURE ","class does not implement the required interface","? ","? ","org.eclipse.team.svn.ui.action.local.ShowAnnotationAction            ",,,
"    org.eclipse.team.svn.ui","anonymous",TRUE,25,"SUCCESS ","FAILURE ","FAILURE ","FAILURE ","SUCCESS ","SUCCESS ","SUCCESS ","FAILURE ","class does not implement the required interface","? ","? ","org.eclipse.team.svn.ui.action.local.ShowHistoryAction            ",,,
"    org.eclipse.team.svn.ui","anonymous",TRUE,26,"SUCCESS ","FAILURE ","FAILURE ","FAILURE ","SUCCESS ","SUCCESS ","SUCCESS ","FAILURE ","class does not implement the required interface","? ","? ","org.eclipse.team.svn.ui.action.local.SetKeywordsAction            ",,,
"    org.eclipse.team.svn.ui","anonymous",TRUE,27,"SUCCESS ","FAILURE ","FAILURE ","FAILURE ","SUCCESS ","SUCCESS ","SUCCESS ","FAILURE ","class does not implement the required interface","? ","? ","org.eclipse.team.svn.ui.action.local.SetPropertyAction            ",,,
"    org.eclipse.team.svn.ui","anonymous",TRUE,28,"SUCCESS ","FAILURE ","FAILURE ","FAILURE ","SUCCESS ","SUCCESS ","SUCCESS ","FAILURE ","class does not implement the required interface","? ","? ","org.eclipse.team.svn.ui.action.local.EditPropertiesAction            ",,,
"    org.eclipse.team.svn.ui","anonymous",TRUE,29,"SUCCESS ","FAILURE ","FAILURE ","FAILURE ","SUCCESS ","SUCCESS ","SUCCESS ","FAILURE ","class does not implement the required interface","? ","? ","org.eclipse.team.svn.ui.action.local.SwitchAction            ",,,
"    org.eclipse.team.svn.ui","anonymous",TRUE,30,"SUCCESS ","FAILURE ","FAILURE ","FAILURE ","SUCCESS ","SUCCESS ","SUCCESS ","FAILURE ","class does not implement the required interface","? ","? ","org.eclipse.team.svn.ui.action.local.MergeAction            ",,,
"    org.eclipse.team.svn.ui","anonymous",TRUE,31,"SUCCESS ","FAILURE ","FAILURE ","FAILURE ","SUCCESS ","SUCCESS ","SUCCESS ","FAILURE ","class does not implement the required interface","? ","? ","org.eclipse.team.svn.ui.action.local.BranchAction            ",,,
"    org.eclipse.team.svn.ui","anonymous",TRUE,32,"SUCCESS ","FAILURE ","FAILURE ","FAILURE ","SUCCESS ","SUCCESS ","SUCCESS ","FAILURE ","class does not implement the required interface","? ","? ","org.eclipse.team.svn.ui.action.local.TagAction            ",,,
"    org.eclipse.team.svn.ui","anonymous",TRUE,33,"SUCCESS ","FAILURE ","FAILURE ","FAILURE ","SUCCESS ","SUCCESS ","SUCCESS ","FAILURE ","class does not implement the required interface","? ","? ","org.eclipse.team.svn.ui.action.local.UnlockAction            ",,,
"    org.eclipse.team.svn.ui","anonymous",TRUE,34,"SUCCESS ","FAILURE ","FAILURE ","FAILURE ","SUCCESS ","SUCCESS ","SUCCESS ","FAILURE ","class does not implement the required interface","? ","? ","org.eclipse.team.svn.ui.action.local.LockAction            ",,,
"    org.eclipse.team.svn.ui","anonymous",TRUE,35,"SUCCESS ","FAILURE ","FAILURE ","FAILURE ","SUCCESS ","SUCCESS ","SUCCESS ","FAILURE ","class does not implement the required interface","? ","? ","org.eclipse.team.svn.ui.action.local.MarkAsMergedAction            ",,,
"    org.eclipse.team.svn.ui","anonymous",TRUE,36,"SUCCESS ","FAILURE ","FAILURE ","FAILURE ","SUCCESS ","SUCCESS ","SUCCESS ","FAILURE ","class does not implement the required interface","? ","? ","org.eclipse.team.svn.ui.action.local.EditConflictsAction            ",,,
"    org.eclipse.team.svn.ui","anonymous",TRUE,37,"SUCCESS ","FAILURE ","FAILURE ","FAILURE ","SUCCESS ","SUCCESS ","SUCCESS ","FAILURE ","class does not implement the required interface","? ","? ","org.eclipse.team.svn.ui.action.local.AddToSVNIgnoreAction            ",,,
"    org.eclipse.team.svn.ui","anonymous",TRUE,38,"SUCCESS ","FAILURE ","FAILURE ","FAILURE ","SUCCESS ","SUCCESS ","SUCCESS ","FAILURE ","class does not implement the required interface","? ","? ","org.eclipse.team.svn.ui.action.local.AddToSVNAction            ",,,
"    org.eclipse.team.svn.ui","anonymous",TRUE,39,"SUCCESS ","FAILURE ","FAILURE ","FAILURE ","SUCCESS ","SUCCESS ","SUCCESS ","FAILURE ","class does not implement the required interface","? ","? ","org.eclipse.team.svn.ui.action.local.RevertAction            ",,,
"    org.eclipse.team.svn.ui","anonymous",TRUE,40,"SUCCESS ","FAILURE ","FAILURE ","FAILURE ","SUCCESS ","SUCCESS ","SUCCESS ","FAILURE ","class does not implement the required interface","? ","? ","org.eclipse.team.svn.ui.action.local.CreatePatchAction            ",,,
"    org.eclipse.team.svn.ui","anonymous",TRUE,41,"SUCCESS ","FAILURE ","FAILURE ","FAILURE ","SUCCESS ","SUCCESS ","SUCCESS ","FAILURE ","class does not implement the required interface","? ","? ","org.eclipse.team.svn.ui.action.local.UpdateAction            ",,,
"    org.eclipse.team.svn.ui","anonymous",TRUE,42,"SUCCESS ","FAILURE ","FAILURE ","FAILURE ","SUCCESS ","SUCCESS ","SUCCESS ","FAILURE ","class does not implement the required interface","? ","? ","org.eclipse.team.svn.ui.action.local.CommitAction            ",,,
"    org.eclipse.team.svn.ui","anonymous",TRUE,43,"SUCCESS ","FAILURE ","FAILURE ","FAILURE ","SUCCESS ","SUCCESS ","SUCCESS ","FAILURE ","class does not implement the required interface","? ","? ","org.eclipse.team.svn.ui.action.local.SynchronizeAction            ",,,
"    org.eclipse.jdt.junit","anonymous",FALSE,1,"SUCCESS ","FAILURE ","FAILURE ","FAILURE ","SUCCESS ","SUCCESS ","SUCCESS ","FAILURE ","class does not implement the required interface","? ","? ","org.eclipse.jdt.internal.junit.ui.GotoReferencedTestAction            ",,,
"    org.eclipse.cdt.ui","anonymous",TRUE,1,"SUCCESS ","FAILURE ","FAILURE ","SUCCESS ","SUCCESS ","FAILURE ","FAILURE ","FAILURE ","FAILURE  ","? ",TRUE,"?            ",,,
"    org.eclipse.cdt.ui","anonymous",TRUE,2,"SUCCESS ","FAILURE ","FAILURE ","SUCCESS ","SUCCESS ","FAILURE ","FAILURE ","FAILURE ","FAILURE  ","? ",TRUE,"?            ",,,
"    org.eclipse.cdt.ui","anonymous",TRUE,3,"SUCCESS ","FAILURE ","FAILURE ","SUCCESS ","SUCCESS ","FAILURE ","FAILURE ","FAILURE ","FAILURE  ","? ",TRUE,"?            ",,,
"    org.eclipse.cdt.ui","anonymous",TRUE,4,"SUCCESS ","FAILURE ","FAILURE ","SUCCESS ","SUCCESS ","FAILURE ","FAILURE ","FAILURE ","FAILURE  ","? ",TRUE,"?            ",,,
"    org.eclipse.cdt.ui","anonymous",TRUE,5,"SUCCESS ","FAILURE ","FAILURE ","SUCCESS ","SUCCESS ","FAILURE ","FAILURE ","FAILURE ","FAILURE  ","? ",TRUE,"?            ",,,
"    org.eclipse.cdt.ui","anonymous",TRUE,6,"SUCCESS ","FAILURE ","FAILURE ","SUCCESS ","SUCCESS ","FAILURE ","FAILURE ","FAILURE ","FAILURE  ","? ",TRUE,"?            ",,,
"    org.eclipse.cdt.ui","anonymous",TRUE,7,"SUCCESS ","FAILURE ","FAILURE ","FAILURE ","SUCCESS ","SUCCESS ","SUCCESS ","FAILURE ","class does not implement the required interface","? ","? ","org.eclipse.cdt.internal.ui.search.OpenCSearchPageAction            ",,,
"    org.eclipse.cdt.ui","anonymous",TRUE,8,"SUCCESS ","FAILURE ","FAILURE ","FAILURE ","SUCCESS ","SUCCESS ","SUCCESS ","FAILURE ","class does not implement the required interface","? ","? ","org.eclipse.cdt.internal.ui.callhierarchy.OpenElementInCallHierarchyAction            ",,,
"    org.eclipse.cdt.ui","anonymous",TRUE,9,"SUCCESS ","FAILURE ","FAILURE ","FAILURE ","SUCCESS ","SUCCESS ","SUCCESS ","FAILURE ","class does not implement the required interface","? ","? ","org.eclipse.cdt.internal.ui.typehierarchy.OpenTypeInHierarchyAction            ",,,
"    org.eclipse.cdt.ui","anonymous",TRUE,10,"SUCCESS ","FAILURE ","FAILURE ","FAILURE ","SUCCESS ","SUCCESS ","SUCCESS ","FAILURE ","class does not implement the required interface","? ","? ","org.eclipse.cdt.internal.ui.browser.opentype.OpenTypeAction            ",,,
"    org.eclipse.cdt.ui","anonymous",TRUE,11,"SUCCESS ","FAILURE ","FAILURE ","SUCCESS ","SUCCESS ","FAILURE ","FAILURE ","FAILURE ","FAILURE  ","? ",TRUE,"?            ",,,
"    org.eclipse.cdt.ui","anonymous",TRUE,12,"SUCCESS ","FAILURE ","FAILURE ","SUCCESS ","SUCCESS ","FAILURE ","FAILURE ","FAILURE ","FAILURE  ","? ",TRUE,"?            ",,,
"    org.eclipse.cdt.ui","anonymous",TRUE,13,"SUCCESS ","FAILURE ","FAILURE ","SUCCESS ","SUCCESS ","FAILURE ","FAILURE ","FAILURE ","FAILURE  ","? ",TRUE,"?            ",,,
"    org.eclipse.cdt.ui","anonymous",TRUE,14,"SUCCESS ","FAILURE ","FAILURE ","SUCCESS ","SUCCESS ","FAILURE ","FAILURE ","FAILURE ","FAILURE  ","? ",TRUE,"?            ",,,
"    org.eclipse.cdt.ui","anonymous",TRUE,15,"SUCCESS ","SUCCESS ","SUCCESS ","FAILURE ","SUCCESS ","SUCCESS ","SUCCESS ","SUCCESS ","SUCCESS  ","pulldown ","? ","org.eclipse.cdt.ui.actions.ChangeBuildConfigMenuAction            ",,,
"    org.eclipse.cdt.ui","anonymous",TRUE,16,"SUCCESS ","SUCCESS ","SUCCESS ","FAILURE ","SUCCESS ","SUCCESS ","SUCCESS ","SUCCESS ","SUCCESS  ","pulldown ","? ","org.eclipse.cdt.ui.actions.ChangeBuildConfigMenuAction            ",,,
"    org.eclipse.cdt.ui","anonymous",TRUE,17,"SUCCESS ","SUCCESS ","SUCCESS ","FAILURE ","SUCCESS ","SUCCESS ","SUCCESS ","SUCCESS ","SUCCESS  ","pulldown ","? ","org.eclipse.cdt.ui.actions.BuildActiveConfigMenuAction            ",,,
"    org.eclipse.cdt.ui","anonymous",TRUE,18,"SUCCESS ","FAILURE ","FAILURE ","FAILURE ","SUCCESS ","SUCCESS ","SUCCESS ","FAILURE ","SUCCESS  ","? ","? ","org.eclipse.cdt.ui.actions.ManageConfigsAction            ",,,
"    org.eclipse.cdt.ui","anonymous",TRUE,19,"SUCCESS ","FAILURE ","FAILURE ","FAILURE ","SUCCESS ","SUCCESS ","SUCCESS ","FAILURE ","SUCCESS  ","? ","? ","org.eclipse.cdt.ui.actions.DeleteResConfigsAction            ",,,
"    org.eclipse.cdt.ui","anonymous",TRUE,20,"SUCCESS ","SUCCESS ","SUCCESS ","FAILURE ","SUCCESS ","SUCCESS ","SUCCESS ","FAILURE ","class does not implement the required interface","push ","? ","org.eclipse.cdt.ui.actions.WorkingSetConfigAction            ",,,
"    org.eclipse.cdt.ui","anonymous",TRUE,21,"SUCCESS ","SUCCESS ","SUCCESS ","FAILURE ","SUCCESS ","SUCCESS ","SUCCESS ","SUCCESS ","SUCCESS  ","pulldown ","? ","org.eclipse.cdt.internal.ui.wizards.NewTypeDropDownAction            ",,,
"    org.eclipse.cdt.ui","anonymous",TRUE,22,"SUCCESS ","SUCCESS ","SUCCESS ","FAILURE ","SUCCESS ","SUCCESS ","SUCCESS ","SUCCESS ","SUCCESS  ","pulldown ","? ","org.eclipse.cdt.internal.ui.wizards.NewFileDropDownAction            ",,,
"    org.eclipse.cdt.ui","anonymous",TRUE,23,"SUCCESS ","SUCCESS ","SUCCESS ","FAILURE ","SUCCESS ","SUCCESS ","SUCCESS ","SUCCESS ","SUCCESS  ","pulldown ","? ","org.eclipse.cdt.internal.ui.wizards.NewFolderDropDownAction            ",,,
"    org.eclipse.cdt.ui","anonymous",TRUE,24,"SUCCESS ","SUCCESS ","SUCCESS ","FAILURE ","SUCCESS ","SUCCESS ","SUCCESS ","SUCCESS ","SUCCESS  ","pulldown ","? ","org.eclipse.cdt.internal.ui.wizards.NewProjectDropDownAction            ",,,
"    org.eclipse.cdt.ui","anonymous",TRUE,25,"SUCCESS ","SUCCESS ","SUCCESS ","SUCCESS ","SUCCESS ","FAILURE ","FAILURE ","FAILURE ","FAILURE  ","toggle ",TRUE,"?            ",,,
"    org.eclipse.birt.report.designer.ui","anonymous",TRUE,1,"SUCCESS ","SUCCESS ","SUCCESS ","FAILURE ","SUCCESS ","SUCCESS ","SUCCESS ","FAILURE ","class does not implement the required interface","push ","? ","org.eclipse.birt.report.designer.ui.actions.PublishTemplateAction            ",,,
"    org.eclipse.birt.report.designer.ui","anonymous",TRUE,2,"SUCCESS ","SUCCESS ","SUCCESS ","FAILURE ","SUCCESS ","SUCCESS ","SUCCESS ","FAILURE ","class does not implement the required interface","push ","? ","org.eclipse.birt.report.designer.ui.actions.PublishLibraryAction            ",,,
"    org.eclipse.wst.web.ui","anonymous",TRUE,1,"SUCCESS ","SUCCESS ","SUCCESS ","FAILURE ","SUCCESS ","SUCCESS ","SUCCESS ","FAILURE ","class does not implement the required interface","push ","? ","org.eclipse.wst.web.ui.internal.actions.OpenCSSWizardAction            ",,,
"    org.eclipse.wst.web.ui","anonymous",TRUE,2,"SUCCESS ","SUCCESS ","SUCCESS ","FAILURE ","SUCCESS ","SUCCESS ","SUCCESS ","FAILURE ","class does not implement the required interface","push ","? ","org.eclipse.wst.web.ui.internal.actions.OpenJSWizardAction            ",,,
"    org.eclipse.wst.web.ui","anonymous",TRUE,3,"SUCCESS ","SUCCESS ","SUCCESS ","FAILURE ","SUCCESS ","SUCCESS ","SUCCESS ","FAILURE ","class does not implement the required interface","push ","? ","org.eclipse.wst.web.ui.internal.actions.OpenHTMLWizardAction            ",,,
"    org.eclipse.debug.ui","anonymous",TRUE,1,"SUCCESS ","SUCCESS ","SUCCESS ","FAILURE ","SUCCESS ","SUCCESS ","SUCCESS ","FAILURE ","class does not implement the required interface","push ","? ","org.eclipse.debug.internal.ui.actions.breakpoints.RemoveAllBreakpointsAction            ",,,
"    org.eclipse.debug.ui","anonymous",TRUE,2,"SUCCESS ","SUCCESS ","SUCCESS ","FAILURE ","SUCCESS ","SUCCESS ","SUCCESS ","FAILURE ","class does not implement the required interface","toggle ","? ","org.eclipse.debug.internal.ui.actions.breakpoints.SkipAllBreakpointsAction            ",,,
"    org.eclipse.debug.ui","anonymous",TRUE,3,"SUCCESS ","FAILURE ","FAILURE ","FAILURE ","SUCCESS ","SUCCESS ","SUCCESS ","FAILURE ","class does not implement the required interface","? ","? ","org.eclipse.debug.internal.ui.actions.breakpoints.RetargetWatchpointAction            ",,,
"    org.eclipse.debug.ui","anonymous",TRUE,4,"SUCCESS ","FAILURE ","FAILURE ","FAILURE ","SUCCESS ","SUCCESS ","SUCCESS ","FAILURE ","class does not implement the required interface","? ","? ","org.eclipse.debug.internal.ui.actions.breakpoints.RetargetMethodBreakpointAction            ",,,
"    org.eclipse.debug.ui","anonymous",TRUE,5,"SUCCESS ","FAILURE ","FAILURE ","FAILURE ","SUCCESS ","SUCCESS ","SUCCESS ","FAILURE ","class does not implement the required interface","? ","? ","org.eclipse.debug.internal.ui.actions.breakpoints.RetargetToggleLineBreakpointAction            ",,,
"    org.eclipse.debug.ui","anonymous",TRUE,6,"SUCCESS ","FAILURE ","FAILURE ","FAILURE ","SUCCESS ","SUCCESS ","SUCCESS ","FAILURE ","class does not implement the required interface","? ","? ","org.eclipse.debug.internal.ui.actions.breakpoints.RetargetToggleBreakpointAction            ",,,
"    org.eclipse.debug.ui","anonymous",TRUE,7,"SUCCESS ","SUCCESS ","SUCCESS ","FAILURE ","SUCCESS ","SUCCESS ","SUCCESS ","FAILURE ","class does not implement the required interface","toggle ","? ","org.eclipse.debug.internal.ui.commands.actions.ToggleStepFiltersCommandActionDelegate            ",,,
"    org.eclipse.debug.ui","anonymous",TRUE,8,"SUCCESS ","FAILURE ","FAILURE ","FAILURE ","SUCCESS ","SUCCESS ","SUCCESS ","FAILURE ","class does not implement the required interface","? ","? ","org.eclipse.debug.internal.ui.actions.RetargetRunToLineAction            ",,,
"    org.eclipse.debug.ui","anonymous",TRUE,9,"SUCCESS ","FAILURE ","FAILURE ","FAILURE ","SUCCESS ","SUCCESS ","SUCCESS ","FAILURE ","class does not implement the required interface","? ","? ","org.eclipse.debug.internal.ui.commands.actions.StepReturnCommandActionDelegate            ",,,
"    org.eclipse.debug.ui","anonymous",TRUE,10,"SUCCESS ","FAILURE ","FAILURE ","FAILURE ","SUCCESS ","SUCCESS ","SUCCESS ","FAILURE ","class does not implement the required interface","? ","? ","org.eclipse.debug.internal.ui.commands.actions.StepOverCommandActionDelegate            ",,,
"    org.eclipse.debug.ui","anonymous",TRUE,11,"SUCCESS ","FAILURE ","FAILURE ","FAILURE ","SUCCESS ","SUCCESS ","SUCCESS ","FAILURE ","class does not implement the required interface","? ","? ","org.eclipse.debug.internal.ui.commands.actions.StepIntoCommandActionDelegate            ",,,
"    org.eclipse.debug.ui","anonymous",TRUE,12,"SUCCESS ","FAILURE ","FAILURE ","FAILURE ","SUCCESS ","SUCCESS ","SUCCESS ","FAILURE ","class does not implement the required interface","? ","? ","org.eclipse.debug.internal.ui.commands.actions.TerminateCommandActionDelegate            ",,,
"    org.eclipse.debug.ui","anonymous",TRUE,13,"SUCCESS ","FAILURE ","FAILURE ","FAILURE ","SUCCESS ","SUCCESS ","SUCCESS ","FAILURE ","class does not implement the required interface","? ","? ","org.eclipse.debug.internal.ui.commands.actions.SuspendCommandActionDelegate            ",,,
"    org.eclipse.debug.ui","anonymous",TRUE,14,"SUCCESS ","FAILURE ","FAILURE ","FAILURE ","SUCCESS ","SUCCESS ","SUCCESS ","FAILURE ","class does not implement the required interface","? ","? ","org.eclipse.debug.internal.ui.commands.actions.ResumeCommandActionDelegate            ",,,
"    org.eclipse.debug.ui","anonymous",TRUE,15,"SUCCESS ","FAILURE ","FAILURE ","FAILURE ","SUCCESS ","SUCCESS ","SUCCESS ","FAILURE ","class does not implement the required interface","? ","? ","org.eclipse.debug.internal.ui.actions.OpenRunConfigurations            ",,,
"    org.eclipse.debug.ui","anonymous",TRUE,16,"SUCCESS ","SUCCESS ","SUCCESS ","FAILURE ","SUCCESS ","SUCCESS ","SUCCESS ","SUCCESS ","SUCCESS  ","pulldown ","? ","org.eclipse.debug.internal.ui.actions.RunAsAction            ",,,
"    org.eclipse.debug.ui","anonymous",TRUE,17,"SUCCESS ","SUCCESS ","SUCCESS ","FAILURE ","SUCCESS ","SUCCESS ","SUCCESS ","SUCCESS ","SUCCESS  ","pulldown ","? ","org.eclipse.debug.internal.ui.actions.RunHistoryMenuAction            ",,,
"    org.eclipse.debug.ui","anonymous",TRUE,18,"SUCCESS ","FAILURE ","FAILURE ","FAILURE ","SUCCESS ","SUCCESS ","SUCCESS ","FAILURE ","class does not implement the required interface","? ","? ","org.eclipse.debug.internal.ui.actions.DebugLastAction            ",,,
"    org.eclipse.debug.ui","anonymous",TRUE,19,"SUCCESS ","FAILURE ","FAILURE ","FAILURE ","SUCCESS ","SUCCESS ","SUCCESS ","FAILURE ","class does not implement the required interface","? ","? ","org.eclipse.debug.internal.ui.actions.RunLastAction            ",,,
"    org.eclipse.debug.ui","anonymous",TRUE,20,"SUCCESS ","SUCCESS ","SUCCESS ","FAILURE ","SUCCESS ","SUCCESS ","SUCCESS ","SUCCESS ","SUCCESS  ","pulldown ","? ","org.eclipse.debug.internal.ui.actions.RunToolbarAction            ",,,
"    org.eclipse.debug.ui","anonymous",TRUE,21,"SUCCESS ","FAILURE ","FAILURE ","FAILURE ","SUCCESS ","SUCCESS ","SUCCESS ","FAILURE ","class does not implement the required interface","? ","? ","org.eclipse.debug.internal.ui.actions.OpenDebugConfigurations            ",,,
"    org.eclipse.debug.ui","anonymous",TRUE,22,"SUCCESS ","SUCCESS ","SUCCESS ","FAILURE ","SUCCESS ","SUCCESS ","SUCCESS ","SUCCESS ","SUCCESS  ","pulldown ","? ","org.eclipse.debug.internal.ui.actions.DebugAsAction            ",,,
"    org.eclipse.debug.ui","anonymous",TRUE,23,"SUCCESS ","SUCCESS ","SUCCESS ","FAILURE ","SUCCESS ","SUCCESS ","SUCCESS ","SUCCESS ","SUCCESS  ","pulldown ","? ","org.eclipse.debug.internal.ui.actions.DebugHistoryMenuAction            ",,,
"    org.eclipse.debug.ui","anonymous",TRUE,24,"SUCCESS ","SUCCESS ","SUCCESS ","FAILURE ","SUCCESS ","SUCCESS ","SUCCESS ","SUCCESS ","SUCCESS  ","pulldown ","? ","org.eclipse.debug.internal.ui.actions.DebugToolbarAction            ",,,
"    org.eclipse.debug.ui","anonymous",TRUE,25,"SUCCESS ","SUCCESS ","SUCCESS ","FAILURE ","SUCCESS ","SUCCESS ","SUCCESS ","SUCCESS ","SUCCESS  ","pulldown ","? ","org.eclipse.debug.internal.ui.actions.ProfileToolbarAction            ",,,
"    org.eclipse.debug.ui","anonymous",TRUE,26,"SUCCESS ","FAILURE ","FAILURE ","FAILURE ","SUCCESS ","SUCCESS ","SUCCESS ","FAILURE ","class does not implement the required interface","? ","? ","org.eclipse.debug.internal.ui.actions.OpenProfileConfigurations            ",,,
"    org.eclipse.debug.ui","anonymous",TRUE,27,"SUCCESS ","SUCCESS ","SUCCESS ","FAILURE ","SUCCESS ","SUCCESS ","SUCCESS ","SUCCESS ","SUCCESS  ","pulldown ","? ","org.eclipse.debug.internal.ui.actions.ProfileAsAction            ",,,
"    org.eclipse.debug.ui","anonymous",TRUE,28,"SUCCESS ","SUCCESS ","SUCCESS ","FAILURE ","SUCCESS ","SUCCESS ","SUCCESS ","SUCCESS ","SUCCESS  ","pulldown ","? ","org.eclipse.debug.internal.ui.actions.ProfileHistoryMenuAction            ",,,
"    org.eclipse.debug.ui","anonymous",TRUE,29,"SUCCESS ","FAILURE ","FAILURE ","FAILURE ","SUCCESS ","SUCCESS ","SUCCESS ","FAILURE ","class does not implement the required interface","? ","? ","org.eclipse.debug.internal.ui.actions.ProfileLastAction            ",,,
"    org.eclipse.platform","anonymous",FALSE,1,"FAILURE ","FAILURE ","FAILURE ","FAILURE ","SUCCESS ","SUCCESS ","class does not implement the required interface","FAILURE ","class does not implement the required interface","? ","? ","org.eclipse.ui.cheatsheets.CheatSheetExtensionFactory:helpMenuAction            ",,,
"    org.eclipse.ecf.example.collab","anonymous",TRUE,1,"SUCCESS ","SUCCESS ","SUCCESS ","FAILURE ","SUCCESS ","class not loaded  not an instantiable java type","class not loaded  not an instantiable java type","FAILURE ","class not loaded  not an instantiable java type","push ","? ","org.eclipse.ecf.internal.example.collab.actions.JoinGroupWizardAction            ",,,
"    org.eclipse.ecf.example.collab","anonymous",TRUE,2,"SUCCESS ","SUCCESS ","SUCCESS ","FAILURE ","SUCCESS ","SUCCESS ","SUCCESS ","SUCCESS ","SUCCESS  ","pulldown ","? ","org.eclipse.ecf.internal.ui.actions.SelectProviderAction            ",,,
"    org.eclipse.wst.jsdt.ui","anonymous",FALSE,1,"SUCCESS ","SUCCESS ","SUCCESS ","SUCCESS ","SUCCESS ","FAILURE ","FAILURE ","FAILURE ","FAILURE  ","toggle ",TRUE,"?            ",,,
"    org.eclipse.wst.jsdt.ui","anonymous",TRUE,1,"SUCCESS ","SUCCESS ","SUCCESS ","FAILURE ","SUCCESS ","SUCCESS ","SUCCESS ","SUCCESS ","SUCCESS  ","pulldown ","? ","org.eclipse.wst.jsdt.internal.ui.wizards.NewTypeDropDownAction            ",,,
"    org.eclipse.wst.jsdt.ui","anonymous",TRUE,2,"SUCCESS ","FAILURE ","FAILURE ","FAILURE ","SUCCESS ","SUCCESS ","SUCCESS ","FAILURE ","class does not implement the required interface","? ","? ","org.eclipse.wst.jsdt.internal.ui.wizards.OpenPackageWizardToolbarAction            ",,,
"    org.eclipse.wst.jsdt.ui","anonymous",TRUE,3,"SUCCESS ","FAILURE ","FAILURE ","FAILURE ","SUCCESS ","SUCCESS ","SUCCESS ","FAILURE ","class does not implement the required interface","? ","? ","org.eclipse.wst.jsdt.internal.ui.wizards.OpenJavaProjectWizardToolbarAction            ",,,
"    org.eclipse.wst.jsdt.ui","anonymous",TRUE,1,"SUCCESS ","FAILURE ","FAILURE ","FAILURE ","SUCCESS ","SUCCESS ","SUCCESS ","FAILURE ","class does not implement the required interface","? ","? ","org.eclipse.wst.jsdt.internal.ui.actions.OpenTypeInHierarchyAction            ",,,
"    org.eclipse.wst.jsdt.ui","anonymous",TRUE,2,"SUCCESS ","FAILURE ","FAILURE ","FAILURE ","SUCCESS ","SUCCESS ","SUCCESS ","FAILURE ","class does not implement the required interface","? ","? ","org.eclipse.wst.jsdt.internal.ui.actions.GenerateJavadocAction            ",,,
"    org.eclipse.wst.jsdt.ui","anonymous",FALSE,1,"SUCCESS ","FAILURE ","FAILURE ","FAILURE ","SUCCESS ","SUCCESS ","SUCCESS ","FAILURE ","class does not implement the required interface","? ","? ","org.eclipse.wst.jsdt.internal.ui.actions.OpenTypeAction            ",,,
"    org.eclipse.wst.jsdt.ui","anonymous",TRUE,1,"SUCCESS ","FAILURE ","FAILURE ","SUCCESS ","SUCCESS ","FAILURE ","FAILURE ","FAILURE ","FAILURE  ","? ",TRUE,"?            ",,,
"    org.eclipse.wst.jsdt.ui","anonymous",TRUE,2,"SUCCESS ","FAILURE ","FAILURE ","SUCCESS ","SUCCESS ","FAILURE ","FAILURE ","FAILURE ","FAILURE  ","? ",TRUE,"?            ",,,
"    org.eclipse.wst.jsdt.ui","anonymous",TRUE,3,"SUCCESS ","FAILURE ","FAILURE ","SUCCESS ","SUCCESS ","FAILURE ","FAILURE ","FAILURE ","FAILURE  ","? ",TRUE,"?            ",,,
"    org.eclipse.wst.jsdt.ui","anonymous",TRUE,1,"SUCCESS ","FAILURE ","FAILURE ","SUCCESS ","SUCCESS ","FAILURE ","FAILURE ","FAILURE ","FAILURE  ","? ",TRUE,"?            ",,,
"    org.eclipse.wst.jsdt.ui","anonymous",TRUE,2,"SUCCESS ","FAILURE ","FAILURE ","SUCCESS ","SUCCESS ","FAILURE ","FAILURE ","FAILURE ","FAILURE  ","? ",TRUE,"?            ",,,
"    org.eclipse.wst.jsdt.ui","anonymous",TRUE,3,"SUCCESS ","FAILURE ","FAILURE ","SUCCESS ","SUCCESS ","FAILURE ","FAILURE ","FAILURE ","FAILURE  ","? ",TRUE,"?            ",,,
"    org.eclipse.wst.jsdt.ui","anonymous",TRUE,4,"SUCCESS ","FAILURE ","FAILURE ","SUCCESS ","SUCCESS ","FAILURE ","FAILURE ","FAILURE ","FAILURE  ","? ",TRUE,"?            ",,,
"    org.eclipse.wst.jsdt.ui","anonymous",TRUE,5,"SUCCESS ","FAILURE ","FAILURE ","SUCCESS ","SUCCESS ","FAILURE ","FAILURE ","FAILURE ","FAILURE  ","? ",TRUE,"?            ",,,
"    org.eclipse.wst.jsdt.ui","anonymous",TRUE,6,"SUCCESS ","FAILURE ","FAILURE ","SUCCESS ","SUCCESS ","FAILURE ","FAILURE ","FAILURE ","FAILURE  ","? ",TRUE,"?            ",,,
"    org.eclipse.wst.jsdt.ui","anonymous",TRUE,7,"SUCCESS ","FAILURE ","FAILURE ","SUCCESS ","SUCCESS ","FAILURE ","FAILURE ","FAILURE ","FAILURE  ","? ",TRUE,"?            ",,,
"    org.eclipse.wst.jsdt.ui","anonymous",TRUE,8,"SUCCESS ","FAILURE ","FAILURE ","SUCCESS ","SUCCESS ","FAILURE ","FAILURE ","FAILURE ","FAILURE  ","? ",TRUE,"?            ",,,
"    org.eclipse.wst.jsdt.ui","anonymous",TRUE,9,"SUCCESS ","FAILURE ","FAILURE ","SUCCESS ","SUCCESS ","FAILURE ","FAILURE ","FAILURE ","FAILURE  ","? ",TRUE,"?            ",,,
"    org.eclipse.wst.jsdt.ui","anonymous",TRUE,10,"SUCCESS ","FAILURE ","FAILURE ","SUCCESS ","SUCCESS ","FAILURE ","FAILURE ","FAILURE ","FAILURE  ","? ",TRUE,"?            ",,,
"    org.eclipse.wst.jsdt.ui","anonymous",TRUE,11,"SUCCESS ","FAILURE ","FAILURE ","SUCCESS ","SUCCESS ","FAILURE ","FAILURE ","FAILURE ","FAILURE  ","? ",TRUE,"?            ",,,
"    org.eclipse.wst.jsdt.ui","anonymous",TRUE,12,"SUCCESS ","FAILURE ","FAILURE ","SUCCESS ","SUCCESS ","FAILURE ","FAILURE ","FAILURE ","FAILURE  ","? ",TRUE,"?            ",,,
"    org.eclipse.wst.jsdt.ui","anonymous",TRUE,13,"SUCCESS ","FAILURE ","FAILURE ","FAILURE ","SUCCESS ","SUCCESS ","SUCCESS ","FAILURE ","class does not implement the required interface","? ","? ","org.eclipse.wst.jsdt.internal.ui.refactoring.actions.ShowRefactoringHistoryAction            ",,,
"    org.eclipse.wst.jsdt.ui","anonymous",TRUE,14,"SUCCESS ","FAILURE ","FAILURE ","FAILURE ","SUCCESS ","SUCCESS ","SUCCESS ","FAILURE ","class does not implement the required interface","? ","? ","org.eclipse.wst.jsdt.internal.ui.refactoring.actions.ApplyRefactoringScriptAction            ",,,
"    org.eclipse.wst.jsdt.ui","anonymous",TRUE,15,"SUCCESS ","FAILURE ","FAILURE ","FAILURE ","SUCCESS ","SUCCESS ","SUCCESS ","FAILURE ","class does not implement the required interface","? ","? ","org.eclipse.wst.jsdt.internal.ui.refactoring.actions.CreateRefactoringScriptAction            ",,,
"    org.eclipse.wst.jsdt.ui","anonymous",TRUE,16,"SUCCESS ","SUCCESS ","SUCCESS ","FAILURE ","SUCCESS ","SUCCESS ","SUCCESS ","SUCCESS ","SUCCESS  ","pulldown ","? ","org.eclipse.wst.jsdt.internal.ui.actions.SurroundWithTemplateMenuAction            ",,,
"    org.eclipse.wst.jsdt.ui","anonymous",TRUE,17,"SUCCESS ","FAILURE ","FAILURE ","SUCCESS ","SUCCESS ","FAILURE ","FAILURE ","FAILURE ","FAILURE  ","? ",TRUE,"?            ",,,
"    org.eclipse.wst.jsdt.ui","anonymous",TRUE,18,"SUCCESS ","FAILURE ","FAILURE ","SUCCESS ","SUCCESS ","FAILURE ","FAILURE ","FAILURE ","FAILURE  ","? ",TRUE,"?            ",,,
"    org.eclipse.wst.jsdt.ui","anonymous",TRUE,19,"SUCCESS ","FAILURE ","FAILURE ","SUCCESS ","SUCCESS ","FAILURE ","FAILURE ","FAILURE ","FAILURE  ","? ",TRUE,"?            ",,,
"    org.eclipse.wst.jsdt.ui","anonymous",TRUE,20,"SUCCESS ","FAILURE ","FAILURE ","SUCCESS ","SUCCESS ","FAILURE ","FAILURE ","FAILURE ","FAILURE  ","? ",TRUE,"?            ",,,
"    org.eclipse.wst.jsdt.ui","anonymous",TRUE,21,"SUCCESS ","FAILURE ","FAILURE ","SUCCESS ","SUCCESS ","FAILURE ","FAILURE ","FAILURE ","FAILURE  ","? ",TRUE,"?            ",,,
"    org.eclipse.wst.jsdt.ui","anonymous",TRUE,22,"SUCCESS ","FAILURE ","FAILURE ","SUCCESS ","SUCCESS ","FAILURE ","FAILURE ","FAILURE ","FAILURE  ","? ",TRUE,"?            ",,,
"    org.eclipse.wst.jsdt.ui","anonymous",TRUE,23,"SUCCESS ","FAILURE ","FAILURE ","SUCCESS ","SUCCESS ","FAILURE ","FAILURE ","FAILURE ","FAILURE  ","? ",TRUE,"?            ",,,
"    org.eclipse.wst.jsdt.ui","anonymous",TRUE,24,"SUCCESS ","FAILURE ","FAILURE ","SUCCESS ","SUCCESS ","FAILURE ","FAILURE ","FAILURE ","FAILURE  ","? ",TRUE,"?            ",,,
"    org.eclipse.wst.jsdt.ui","anonymous",TRUE,25,"SUCCESS ","FAILURE ","FAILURE ","SUCCESS ","SUCCESS ","FAILURE ","FAILURE ","FAILURE ","FAILURE  ","? ",TRUE,"?            ",,,
"    org.eclipse.wst.jsdt.ui","anonymous",TRUE,26,"SUCCESS ","FAILURE ","FAILURE ","SUCCESS ","SUCCESS ","FAILURE ","FAILURE ","FAILURE ","FAILURE  ","? ",TRUE,"?            ",,,
"    org.eclipse.wst.jsdt.ui","anonymous",TRUE,27,"SUCCESS ","FAILURE ","FAILURE ","SUCCESS ","SUCCESS ","FAILURE ","FAILURE ","FAILURE ","FAILURE  ","? ",TRUE,"?            ",,,
"    org.eclipse.wst.jsdt.ui","anonymous",TRUE,28,"SUCCESS ","FAILURE ","FAILURE ","SUCCESS ","SUCCESS ","FAILURE ","FAILURE ","FAILURE ","FAILURE  ","? ",TRUE,"?            ",,,
"    org.eclipse.wst.jsdt.ui","anonymous",TRUE,29,"SUCCESS ","FAILURE ","FAILURE ","SUCCESS ","SUCCESS ","FAILURE ","FAILURE ","FAILURE ","FAILURE  ","? ",TRUE,"?            ",,,
"    org.eclipse.wst.jsdt.ui","anonymous",TRUE,1,"SUCCESS ","FAILURE ","FAILURE ","FAILURE ","SUCCESS ","SUCCESS ","SUCCESS ","FAILURE ","class does not implement the required interface","? ","? ","org.eclipse.wst.jsdt.internal.ui.search.OpenJavaSearchPageAction            ",,,
"    org.eclipse.wst.jsdt.ui","anonymous",TRUE,2,"SUCCESS ","SUCCESS ","SUCCESS ","FAILURE ","SUCCESS ","SUCCESS ","SUCCESS ","SUCCESS ","SUCCESS  ","pulldown ","? ","org.eclipse.wst.jsdt.internal.ui.actions.OccurrencesSearchMenuAction            ",,,
"    org.eclipse.wst.jsdt.ui","anonymous",TRUE,3,"SUCCESS ","FAILURE ","FAILURE ","SUCCESS ","SUCCESS ","FAILURE ","FAILURE ","FAILURE ","FAILURE  ","? ",TRUE,"?            ",,,
"    org.eclipse.wst.jsdt.ui","anonymous",TRUE,4,"SUCCESS ","FAILURE ","FAILURE ","SUCCESS ","SUCCESS ","FAILURE ","FAILURE ","FAILURE ","FAILURE  ","? ",TRUE,"?            ",,,
"    org.eclipse.wst.jsdt.ui","anonymous",TRUE,5,"SUCCESS ","FAILURE ","FAILURE ","SUCCESS ","SUCCESS ","FAILURE ","FAILURE ","FAILURE ","FAILURE  ","? ",TRUE,"?            ",,,
"    org.eclipse.wst.jsdt.ui","anonymous",TRUE,6,"SUCCESS ","FAILURE ","FAILURE ","SUCCESS ","SUCCESS ","FAILURE ","FAILURE ","FAILURE ","FAILURE  ","? ",TRUE,"?            ",,,
"    org.eclipse.wst.jsdt.ui","anonymous",TRUE,7,"SUCCESS ","FAILURE ","FAILURE ","SUCCESS ","SUCCESS ","FAILURE ","FAILURE ","FAILURE ","FAILURE  ","? ",TRUE,"?            ",,,
"    org.eclipse.wst.jsdt.ui","anonymous",TRUE,8,"SUCCESS ","FAILURE ","FAILURE ","SUCCESS ","SUCCESS ","FAILURE ","FAILURE ","FAILURE ","FAILURE  ","? ",TRUE,"?            ",,,
"    org.eclipse.wst.jsdt.ui","anonymous",TRUE,9,"SUCCESS ","FAILURE ","FAILURE ","SUCCESS ","SUCCESS ","FAILURE ","FAILURE ","FAILURE ","FAILURE  ","? ",TRUE,"?            ",,,
"    org.eclipse.wst.jsdt.ui","anonymous",TRUE,10,"SUCCESS ","FAILURE ","FAILURE ","SUCCESS ","SUCCESS ","FAILURE ","FAILURE ","FAILURE ","FAILURE  ","? ",TRUE,"?            ",,,
"    org.eclipse.wst.jsdt.ui","anonymous",TRUE,11,"SUCCESS ","FAILURE ","FAILURE ","SUCCESS ","SUCCESS ","FAILURE ","FAILURE ","FAILURE ","FAILURE  ","? ",TRUE,"?            ",,,
"    org.eclipse.wst.jsdt.ui","anonymous",TRUE,12,"SUCCESS ","FAILURE ","FAILURE ","SUCCESS ","SUCCESS ","FAILURE ","FAILURE ","FAILURE ","FAILURE  ","? ",TRUE,"?            ",,,
"    org.eclipse.wst.jsdt.ui","anonymous",TRUE,13,"SUCCESS ","FAILURE ","FAILURE ","SUCCESS ","SUCCESS ","FAILURE ","FAILURE ","FAILURE ","FAILURE  ","? ",TRUE,"?            ",,,
"    org.eclipse.wst.jsdt.ui","anonymous",TRUE,14,"SUCCESS ","FAILURE ","FAILURE ","SUCCESS ","SUCCESS ","FAILURE ","FAILURE ","FAILURE ","FAILURE  ","? ",TRUE,"?            ",,,
"    org.eclipse.wst.jsdt.ui","anonymous",TRUE,15,"SUCCESS ","FAILURE ","FAILURE ","SUCCESS ","SUCCESS ","FAILURE ","FAILURE ","FAILURE ","FAILURE  ","? ",TRUE,"?            ",,,
"    org.eclipse.wst.jsdt.ui","anonymous",TRUE,16,"SUCCESS ","FAILURE ","FAILURE ","SUCCESS ","SUCCESS ","FAILURE ","FAILURE ","FAILURE ","FAILURE  ","? ",TRUE,"?            ",,,
"    org.eclipse.wst.jsdt.ui","anonymous",TRUE,17,"SUCCESS ","FAILURE ","FAILURE ","SUCCESS ","SUCCESS ","FAILURE ","FAILURE ","FAILURE ","FAILURE  ","? ",TRUE,"?            ",,,
"    org.eclipse.wst.jsdt.ui","anonymous",TRUE,18,"SUCCESS ","FAILURE ","FAILURE ","SUCCESS ","SUCCESS ","FAILURE ","FAILURE ","FAILURE ","FAILURE  ","? ",TRUE,"?            ",,,
"    org.eclipse.wst.jsdt.ui","anonymous",TRUE,19,"SUCCESS ","FAILURE ","FAILURE ","SUCCESS ","SUCCESS ","FAILURE ","FAILURE ","FAILURE ","FAILURE  ","? ",TRUE,"?            ",,,
"    org.eclipse.wst.ws.explorer","anonymous",FALSE,1,"SUCCESS ","FAILURE ","FAILURE ","FAILURE ","SUCCESS ","class not loaded  not an instantiable java type","class not loaded  not an instantiable java type","FAILURE ","class not loaded  not an instantiable java type","? ","? ","org.eclipse.wst.ws.internal.explorer.action.LaunchWSEAction            ",,,
