"plugin","extension point","is aggregated contract","partNo","verification result ","must exist: ?@id ","must exist: ?@name ","must exist: ?count/@value ","?count/@value.null net.java.treaty.Operator$REGEX@16244b4(\d)*|\*|\?|\+|\! ","?@class java#implements org.eclipse.ui.IWorkbenchPropertyPage  ","variable ?@id ","variable ?@name ","variable ?count/@value ","variable ?@class "
"    org.eclipse.rse.processes.ui","anonymous",TRUE,1,"SUCCESS ","SUCCESS ","SUCCESS ","FAILURE ","FAILURE ","SUCCESS  ","org.eclipse.rse.ui.propertypages.serverLauncherPropertyPage ","%PropertyPage.ServerLauncherSettings ","? ","org.eclipse.rse.internal.ui.propertypages.ServerLauncherPropertyPage            "
"    org.eclipse.rse.processes.ui","anonymous",TRUE,2,"SUCCESS ","SUCCESS ","SUCCESS ","FAILURE ","FAILURE ","SUCCESS  ","org.eclipse.rse.processes.ui.propertypages.ProcessServicesPropertyPage ","%PropertyPage.Service ","? ","org.eclipse.rse.internal.processes.ui.propertypages.ProcessServicesPropertyPage            "
"    org.eclipse.datatools.connectivity.db.generic.ui","anonymous",FALSE,1,"SUCCESS ","SUCCESS ","SUCCESS ","FAILURE ","FAILURE ","SUCCESS  ","org.eclipse.datatools.connectivity.db.generic.profileProperties ","%page.name.jdbcConnectionProperties ","? ","org.eclipse.datatools.connectivity.db.generic.internal.ui.GenericJDBCDBProfilePropertyPage            "
"    org.eclipse.datatools.enablement.ibm.informix.ui","anonymous",FALSE,1,"SUCCESS ","SUCCESS ","SUCCESS ","FAILURE ","FAILURE ","SUCCESS  ","org.eclipse.datatools.enablement.ibm.informix.profileProperties ","%profile.informix.properties ","? ","org.eclipse.datatools.enablement.ibm.informix.internal.ui.InformixDBProfilePropertyPage            "
"    org.eclipse.birt.report.data.oda.jdbc.ui","anonymous",FALSE,1,"SUCCESS ","SUCCESS ","SUCCESS ","FAILURE ","FAILURE ","SUCCESS  ","%oda.data.source.id ","%profile.propertypage.name ","? ","org.eclipse.birt.report.data.oda.jdbc.ui.profile.JDBCPropertyPage            "
"    org.eclipse.emf.codegen.ui","anonymous",FALSE,1,"SUCCESS ","SUCCESS ","SUCCESS ","FAILURE ","FAILURE ","SUCCESS  ","JETSettingsPropertiesPage ","%_UI_JETSettings_label ","? ","org.eclipse.emf.codegen.presentation.JETPropertyPage            "
"    org.eclipse.datatools.enablement.oda.ws.ui","anonymous",FALSE,1,"SUCCESS ","SUCCESS ","SUCCESS ","FAILURE ","FAILURE ","SUCCESS  ","%oda.data.source.id ","%profile.propertypage.name ","? ","org.eclipse.datatools.enablement.oda.ws.ui.wizards.WebServicePropertyPage            "
"    org.eclipse.birt.report.data.oda.sampledb.ui","anonymous",FALSE,1,"SUCCESS ","SUCCESS ","SUCCESS ","FAILURE ","FAILURE ","SUCCESS  ","%oda.data.source.id ","%profile.propertypage.name ","? ","org.eclipse.birt.report.data.oda.sampledb.ui.profile.SampleDbPropertyPage            "
"    org.eclipse.datatools.enablement.ibm.db2.iseries.ui","anonymous",FALSE,1,"SUCCESS ","SUCCESS ","SUCCESS ","FAILURE ","FAILURE ","SUCCESS  ","org.eclipse.datatools.enablement.ibm.db2.iseries.profileProperties ","%profile.db2.iseries.properties ","? ","org.eclipse.datatools.enablement.ibm.db2.iseries.internal.ui.ISeriesDBProfilePropertyPage            "
"    org.eclipse.jdt.debug.ui","anonymous",TRUE,1,"SUCCESS ","SUCCESS ","SUCCESS ","FAILURE ","FAILURE ","SUCCESS  ","org.eclipse.jdt.debug.ui.snippeteditor.SnippetEditorPage ","%snippetEditorPageName ","? ","org.eclipse.jdt.internal.debug.ui.snippeteditor.SnippetEditorPropertyPage            "
"    org.eclipse.jdt.debug.ui","anonymous",TRUE,2,"SUCCESS ","SUCCESS ","SUCCESS ","FAILURE ","FAILURE ","SUCCESS  ","org.eclipse.jdt.debug.ui.propertypages.LineBreakpoints ","%breakpointPropertiesPage.label ","? ","org.eclipse.jdt.internal.debug.ui.propertypages.JavaLineBreakpointPage            "
"    org.eclipse.jdt.debug.ui","anonymous",TRUE,3,"SUCCESS ","SUCCESS ","SUCCESS ","FAILURE ","FAILURE ","SUCCESS  ","org.eclipse.jdt.debug.ui.propertypages.LineBreakpointsFiltering ","%filteringPage.label ","? ","org.eclipse.jdt.internal.debug.ui.propertypages.JavaBreakpointAdvancedPage            "
"    org.eclipse.jdt.debug.ui","anonymous",TRUE,4,"SUCCESS ","SUCCESS ","SUCCESS ","FAILURE ","FAILURE ","SUCCESS  ","org.eclipse.jdt.debug.ui.propertypages.ClassPrepareBreakpoint ","%breakpointPropertiesPage.label ","? ","org.eclipse.jdt.internal.debug.ui.propertypages.JavaBreakpointPage            "
"    org.eclipse.jdt.debug.ui","anonymous",TRUE,5,"SUCCESS ","SUCCESS ","SUCCESS ","FAILURE ","FAILURE ","SUCCESS  ","org.eclipse.jdt.debug.ui.propertypages.ExceptionBreakpointFiltering ","%filteringPage.label ","? ","org.eclipse.jdt.internal.debug.ui.propertypages.JavaExceptionBreakpointAdvancedPage            "
"    org.eclipse.jdt.debug.ui","anonymous",TRUE,6,"SUCCESS ","SUCCESS ","SUCCESS ","FAILURE ","FAILURE ","SUCCESS  ","org.eclipse.jdt.debug.ui.propertypages.ExceptionBreakpoint ","%breakpointPropertiesPage.label ","? ","org.eclipse.jdt.internal.debug.ui.propertypages.JavaExceptionBreakpointPage            "
"    org.eclipse.jdt.debug.ui","anonymous",TRUE,7,"SUCCESS ","SUCCESS ","SUCCESS ","FAILURE ","FAILURE ","SUCCESS  ","org.eclipse.debug.ui.properties.vmCapabilities ","%vmCapabilitiesPageName ","? ","org.eclipse.jdt.internal.debug.ui.propertypages.VMCapabilitiesPropertyPage            "
"    org.eclipse.datatools.enablement.hsqldb.ui","anonymous",FALSE,1,"SUCCESS ","SUCCESS ","SUCCESS ","FAILURE ","FAILURE ","SUCCESS  ","org.eclipse.datatools.enablement.hsqldb.connectionProfile.profileProperties ","%profile.page.name ","? ","org.eclipse.datatools.enablement.hsqldb.ui.connection.HSQLDBProfilePropertyPage            "
"    org.eclipse.wst.common.project.facet.ui","anonymous",TRUE,1,"SUCCESS ","SUCCESS ","SUCCESS ","FAILURE ","FAILURE ","SUCCESS  ","org.eclipse.wst.common.project.facet.ui.internal.FacetsPropertyPage ","%project.facets ","? ","org.eclipse.wst.common.project.facet.ui.internal.FacetsPropertyPage            "
"    org.eclipse.wst.common.project.facet.ui","anonymous",TRUE,2,"SUCCESS ","SUCCESS ","SUCCESS ","FAILURE ","FAILURE ","SUCCESS  ","org.eclipse.wst.common.project.facet.ui.internal.RuntimesPropertyPage ","%runtimesPropertyPageLabel ","? ","org.eclipse.wst.common.project.facet.ui.internal.RuntimesPropertyPage            "
"    org.eclipse.update.ui","anonymous",TRUE,1,"SUCCESS ","SUCCESS ","SUCCESS ","FAILURE ","FAILURE ","SUCCESS  ","org.eclipse.update.ui.featureGeneralPropertyPage ","%properties.general-info.label ","? ","org.eclipse.update.internal.ui.properties.FeatureGeneralPropertyPage            "
"    org.eclipse.update.ui","anonymous",TRUE,2,"SUCCESS ","SUCCESS ","SUCCESS ","FAILURE ","FAILURE ","SUCCESS  ","org.eclipse.update.ui.featureLicensePropertyPage ","%properties.license.label ","? ","org.eclipse.update.internal.ui.properties.FeatureLicensePropertyPage            "
"    org.eclipse.update.ui","anonymous",TRUE,3,"SUCCESS ","SUCCESS ","SUCCESS ","FAILURE ","FAILURE ","SUCCESS  ","org.eclipse.update.ui.featureCopyrightPropertyPage ","%properties.copyright.label ","? ","org.eclipse.update.internal.ui.properties.FeatureCopyrightPropertyPage            "
"    org.eclipse.update.ui","anonymous",TRUE,4,"SUCCESS ","SUCCESS ","SUCCESS ","FAILURE ","FAILURE ","SUCCESS  ","org.eclipse.update.ui.featureStatusPropertyPage ","%properties.status.label ","? ","org.eclipse.update.internal.ui.properties.FeatureStatusPropertyPage            "
"    org.eclipse.update.ui","anonymous",TRUE,5,"SUCCESS ","SUCCESS ","SUCCESS ","FAILURE ","FAILURE ","SUCCESS  ","org.eclipse.update.ui.configSite ","%properties.general-info.label ","? ","org.eclipse.update.internal.ui.properties.ConfiguredSitePropertyPage            "
"    org.eclipse.update.ui","anonymous",TRUE,6,"SUCCESS ","SUCCESS ","SUCCESS ","FAILURE ","FAILURE ","SUCCESS  ","org.eclipse.update.ui.installConfig ","%properties.general-info.label ","? ","org.eclipse.update.internal.ui.properties.InstallConfigurationPropertyPage            "
"    org.eclipse.wst.ws.service.policy.ui","anonymous",FALSE,1,"SUCCESS ","SUCCESS ","SUCCESS ","FAILURE ","FAILURE ","SUCCESS  ","org.eclipse.wst.ws.internal.ui.wsi.properties.WSICompliancePropertyPage ","%PREFERENCE_SERVICEPOLICIES ","? ","org.eclipse.wst.ws.internal.service.policy.ui.properties.ServicePoliciesPropertyPage            "
"    org.eclipse.wst.css.ui","anonymous",FALSE,1,"SUCCESS ","SUCCESS ","SUCCESS ","FAILURE ","FAILURE ","SUCCESS  ","org.eclipse.wst.css.ui.internal.contentproperties.CSSWebContentSettingsPropertyPage.css ","%WebContentSettings.name ","? ","org.eclipse.wst.css.ui.internal.contentproperties.ui.CSSWebContentSettingsPropertyPage            "
"    org.eclipse.datatools.enablement.mysql.ui","anonymous",FALSE,1,"SUCCESS ","SUCCESS ","SUCCESS ","FAILURE ","FAILURE ","SUCCESS  ","org.eclipse.datatools.enablement.mysql.profileProperties ","%profile.mysql.properties ","? ","org.eclipse.datatools.enablement.mysql.internal.ui.connection.MySQLDBProfilePropertyPage            "
"    org.eclipse.datatools.enablement.postgresql.ui","anonymous",FALSE,1,"SUCCESS ","SUCCESS ","SUCCESS ","FAILURE ","FAILURE ","SUCCESS  ","org.eclipse.datatools.enablement.postgresql.profile.profileProperties ","%PAGE_NAME_POSTGRESQL_CONNECTION_PROPERTIES ","? ","org.eclipse.datatools.enablement.postgresql.internal.ui.PostgreSQLProfilePropertyPage            "
"    org.eclipse.datatools.enablement.oracle.ui","anonymous",FALSE,1,"SUCCESS ","SUCCESS ","SUCCESS ","FAILURE ","FAILURE ","SUCCESS  ","org.eclipse.datatools.enablement.oracle.profileProperties ","%profile.oracle.properties ","? ","org.eclipse.datatools.enablement.oracle.internal.ui.OracleDBProfilePropertyPage            "
"    org.eclipse.birt.report.data.oda.xml.ui","anonymous",FALSE,1,"SUCCESS ","SUCCESS ","SUCCESS ","FAILURE ","FAILURE ","SUCCESS  ","%oda.data.source.id ","%profile.propertypage.name ","? ","org.eclipse.datatools.enablement.oda.xml.ui.wizards.XMLPropertyPage            "
"    org.eclipse.birt.report.item.crosstab.ui","anonymous",FALSE,1,"SUCCESS ","SUCCESS ","SUCCESS ","FAILURE ","FAILURE ","SUCCESS  ","org.eclipse.birt.report.item.crosstab.ui.preferencepage ","%preference.crosstabPage ","? ","org.eclipse.birt.report.item.crosstab.ui.preference.CrosstabPreferencePage            "
"    org.eclipse.rse.ui","anonymous",TRUE,1,"SUCCESS ","SUCCESS ","SUCCESS ","FAILURE ","FAILURE ","SUCCESS  ","org.eclipse.rse.SubSystemsPropertyPage ","%PropertyPage.SubSystem ","? ","org.eclipse.rse.ui.propertypages.SystemSubSystemPropertyPageCore            "
"    org.eclipse.rse.ui","anonymous",TRUE,2,"SUCCESS ","SUCCESS ","SUCCESS ","FAILURE ","FAILURE ","SUCCESS  ","org.eclipse.rse.SystemPropertyPage ","%PropertyPage.Connection ","? ","org.eclipse.rse.internal.ui.propertypages.SystemConnectionPropertyPage            "
"    org.eclipse.rse.ui","anonymous",TRUE,3,"SUCCESS ","SUCCESS ","SUCCESS ","FAILURE ","FAILURE ","SUCCESS  ","org.eclipse.rse.ui.propertypages.SystemConnectorServicesPropertyPage ","%PropertyPage.Connection.ConnectorServices ","? ","org.eclipse.rse.internal.ui.propertypages.SystemConnectorServicesPropertyPage            "
"    org.eclipse.rse.ui","anonymous",TRUE,4,"SUCCESS ","SUCCESS ","SUCCESS ","FAILURE ","FAILURE ","SUCCESS  ","org.eclipse.rse.SystemFilterPoolPropertyPage ","%PropertyPage.FilterPool ","? ","org.eclipse.rse.internal.ui.propertypages.SystemFilterPoolPropertyPage            "
"    org.eclipse.rse.ui","anonymous",TRUE,5,"SUCCESS ","SUCCESS ","SUCCESS ","FAILURE ","FAILURE ","SUCCESS  ","org.eclipse.rse.SystemFilterPoolReferencePropertyPage ","%PropertyPage.Reference ","? ","org.eclipse.rse.internal.ui.propertypages.SystemFilterPoolReferencePropertyPage            "
"    org.eclipse.rse.ui","anonymous",TRUE,6,"SUCCESS ","SUCCESS ","SUCCESS ","FAILURE ","FAILURE ","SUCCESS  ","org.eclipse.rse.SystemFilterPoolReferencePropertyPage2 ","%PropertyPage.ReferencedFilterPool ","? ","org.eclipse.rse.internal.ui.propertypages.SystemFilterPoolPropertyPage            "
"    org.eclipse.rse.ui","anonymous",TRUE,7,"SUCCESS ","SUCCESS ","SUCCESS ","FAILURE ","FAILURE ","SUCCESS  ","org.eclipse.rse.SystemFilterPropertyPage ","%PropertyPage.Filter ","? ","org.eclipse.rse.internal.ui.propertypages.SystemFilterPropertyPage            "
"    org.eclipse.rse.ui","anonymous",TRUE,8,"SUCCESS ","SUCCESS ","SUCCESS ","FAILURE ","FAILURE ","SUCCESS  ","org.eclipse.rse.SystemChangeFilterPropertyPage ","%PropertyPage.ChangeFilter ","? ","org.eclipse.rse.ui.propertypages.SystemChangeFilterPropertyPage            "
"    org.eclipse.rse.ui","anonymous",TRUE,9,"SUCCESS ","SUCCESS ","SUCCESS ","FAILURE ","FAILURE ","SUCCESS  ","org.eclipse.rse.SystemFilterStringPropertyPage ","%PropertyPage.FilterString ","? ","org.eclipse.rse.ui.propertypages.SystemFilterStringPropertyPage            "
"    org.eclipse.rse.ui","anonymous",TRUE,10,"SUCCESS ","SUCCESS ","SUCCESS ","FAILURE ","FAILURE ","SUCCESS  ","org.eclipse.rse.SystemTeamViewCategoryPropertyPage ","%PropertyPage.TeamViewCategoryNode ","? ","org.eclipse.rse.ui.propertypages.SystemTeamViewCategoryPropertyPage            "
"    org.eclipse.rse.ui","anonymous",TRUE,11,"SUCCESS ","SUCCESS ","SUCCESS ","FAILURE ","FAILURE ","SUCCESS  ","org.eclipse.rse.SystemProfilePropertyPage ","%PropertyPage.Profile ","? ","org.eclipse.rse.internal.ui.propertypages.SystemTeamViewProfilePropertyPage            "
"    org.eclipse.rse.ui","anonymous",TRUE,12,"SUCCESS ","SUCCESS ","SUCCESS ","FAILURE ","FAILURE ","SUCCESS  ","org.eclipse.rse.SystemTeamViewSubSystemFactoryPropertyPage ","%PropertyPage.TeamViewSubSystemFactoryNode ","? ","org.eclipse.rse.internal.ui.propertypages.SystemTeamViewSubSystemConfigurationPropertyPage            "
"    org.eclipse.pde.api.tools.ui","anonymous",TRUE,1,"SUCCESS ","SUCCESS ","SUCCESS ","FAILURE ","FAILURE ","SUCCESS  ","org.eclipse.pde.api.tools.ui.apitools.proppage ","%ApiErrorsWarningsPage.name ","? ","org.eclipse.pde.api.tools.ui.internal.properties.ApiErrorsWarningsPropertyPage            "
"    org.eclipse.pde.api.tools.ui","anonymous",TRUE,2,"SUCCESS ","SUCCESS ","SUCCESS ","FAILURE ","FAILURE ","SUCCESS  ","org.eclipse.pde.api.tools.ui.apitools.filterspage ","%ApiFiltersPage.name ","? ","org.eclipse.pde.api.tools.ui.internal.properties.ApiFiltersPropertyPage            "
"    org.eclipse.rse.shells.ui","anonymous",TRUE,1,"SUCCESS ","SUCCESS ","SUCCESS ","FAILURE ","FAILURE ","SUCCESS  ","org.eclipse.rse.shells.ui.propertypages.EnvironmentVariablesPropertyPage ","%PropertyPage.EnvVariables ","? ","org.eclipse.rse.internal.shells.ui.propertypages.EnvironmentVariablesPropertyPage            "
"    org.eclipse.rse.shells.ui","anonymous",TRUE,2,"SUCCESS ","SUCCESS ","SUCCESS ","FAILURE ","FAILURE ","SUCCESS  ","org.eclipse.rse.ui.propertypages.serverLauncherPropertyPage ","%PropertyPage.ServerLauncherSettings ","? ","org.eclipse.rse.internal.ui.propertypages.ServerLauncherPropertyPage            "
"    org.eclipse.rse.shells.ui","anonymous",TRUE,3,"SUCCESS ","SUCCESS ","SUCCESS ","FAILURE ","FAILURE ","SUCCESS  ","org.eclipse.rse.shells.ui.propertypages.ShellServicesPropertyPage ","%PropertyPage.Service ","? ","org.eclipse.rse.internal.shells.ui.propertypages.ShellServicesPropertyPage            "
"    org.eclipse.datatools.enablement.ibm.db2.luw.ui","anonymous",FALSE,1,"SUCCESS ","SUCCESS ","SUCCESS ","FAILURE ","FAILURE ","SUCCESS  ","org.eclipse.datatools.enablement.ibm.db2.luw.profileProperties ","%profile.db2.luw.properties ","? ","org.eclipse.datatools.enablement.ibm.db2.luw.internal.ui.LUWDBProfilePropertyPage            "
"    org.eclipse.birt.report.data.oda.jdbc.dbprofile.ui","anonymous",FALSE,1,"SUCCESS ","SUCCESS ","SUCCESS ","FAILURE ","FAILURE ","SUCCESS  ","%oda.data.source.id ","%profile.propertypage.name ","? ","org.eclipse.datatools.connectivity.oda.design.ui.profile.db.wizards.DbProfileEditorPage            "
"    org.eclipse.pde.ui","anonymous",TRUE,1,"SUCCESS ","SUCCESS ","SUCCESS ","FAILURE ","FAILURE ","SUCCESS  ","org.eclipse.pde.internal.ui.properties.pluginDevelopmentPage ","%PropertyPage.pluginDevelopment ","? ","org.eclipse.pde.internal.ui.properties.PluginDevelopmentPage            "
"    org.eclipse.pde.ui","anonymous",TRUE,2,"SUCCESS ","SUCCESS ","SUCCESS ","FAILURE ","FAILURE ","SUCCESS  ","org.eclipse.pde.internal.ui.properties.selfHostingPropertyPage ","%PropertyPage.selfHosting ","? ","org.eclipse.pde.internal.ui.properties.SelfHostingPropertyPage            "
"    org.eclipse.pde.ui","anonymous",TRUE,3,"SUCCESS ","SUCCESS ","SUCCESS ","FAILURE ","FAILURE ","SUCCESS  ","org.eclipse.pde.internal.ui.properties.compilersPropertyPage ","%PropertyPage.compilers ","? ","org.eclipse.pde.internal.ui.properties.CompilersPropertyPage            "
"    org.eclipse.datatools.enablement.sap.maxdb.ui","anonymous",FALSE,1,"SUCCESS ","SUCCESS ","SUCCESS ","FAILURE ","FAILURE ","SUCCESS  ","org.eclipse.datatools.enablement.sap.maxdb.ui.profileProperties ","%profile.maxdb.properties ","? ","org.eclipse.datatools.enablement.sap.maxdb.ui.internal.ui.connection.MaxDBProfilePropertyPage            "
"    org.eclipse.ui.externaltools","anonymous",FALSE,1,"SUCCESS ","SUCCESS ","SUCCESS ","FAILURE ","FAILURE ","SUCCESS  ","org.eclipse.ui.externaltools.propertypages.BuilderPropertyPage ","%PropertyPage.externalToolsBuilders ","? ","org.eclipse.ui.externaltools.internal.ui.BuilderPropertyPage            "
"    org.eclipse.equinox.p2.ui.sdk","anonymous",TRUE,1,"SUCCESS ","SUCCESS ","SUCCESS ","FAILURE ","FAILURE ","SUCCESS  ","org.eclipse.equinox.p2.ui.sdk.IUCopyrightPropertyPage ","%IU.copyright ","? ","org.eclipse.equinox.internal.provisional.p2.ui.dialogs.IUCopyrightPropertyPage            "
"    org.eclipse.equinox.p2.ui.sdk","anonymous",TRUE,2,"SUCCESS ","SUCCESS ","SUCCESS ","FAILURE ","FAILURE ","SUCCESS  ","org.eclipse.equinox.p2.ui.sdk.IUGeneralInfoPropertyPage ","%IU.general ","? ","org.eclipse.equinox.internal.provisional.p2.ui.dialogs.IUGeneralInfoPropertyPage            "
"    org.eclipse.equinox.p2.ui.sdk","anonymous",TRUE,3,"SUCCESS ","SUCCESS ","SUCCESS ","FAILURE ","FAILURE ","SUCCESS  ","org.eclipse.equinox.p2.ui.sdk.IULicensePropertyPage ","%IU.license ","? ","org.eclipse.equinox.internal.provisional.p2.ui.dialogs.IULicensePropertyPage            "
"    org.eclipse.equinox.p2.ui.sdk","anonymous",TRUE,4,"SUCCESS ","SUCCESS ","SUCCESS ","FAILURE ","FAILURE ","SUCCESS  ","org.eclipse.equinox.internal.p2.ui.sdk.RepositoryPropertyPage ","%Repository.name ","? ","org.eclipse.equinox.internal.provisional.p2.ui.dialogs.RepositoryPropertyPage            "
"    org.eclipse.rse.files.ui","anonymous",TRUE,1,"SUCCESS ","SUCCESS ","SUCCESS ","FAILURE ","FAILURE ","SUCCESS  ","org.eclipse.rse.files.PropertyPage ","%RemotePropertyPage.File.Info ","? ","org.eclipse.rse.internal.files.ui.propertypages.SystemFilePropertyPage            "
"    org.eclipse.rse.files.ui","anonymous",TRUE,2,"SUCCESS ","SUCCESS ","SUCCESS ","FAILURE ","FAILURE ","SUCCESS  ","org.eclipse.rse.files.PermissionsPropertyPage ","%RemotePropertyPage.File.Permissions ","? ","org.eclipse.rse.internal.files.ui.propertypages.SystemFilePermissionsPropertyPage            "
"    org.eclipse.rse.files.ui","anonymous",TRUE,1,"SUCCESS ","SUCCESS ","SUCCESS ","FAILURE ","FAILURE ","SUCCESS  ","org.eclipse.rse.ui.propertypages.ServerLauncherPropertyPage ","%PropertyPage.ServerLauncherSettings ","? ","org.eclipse.rse.internal.ui.propertypages.ServerLauncherPropertyPage            "
"    org.eclipse.rse.files.ui","anonymous",TRUE,2,"SUCCESS ","SUCCESS ","SUCCESS ","FAILURE ","FAILURE ","SUCCESS  ","org.eclipse.rse.files.ui.propertypages.FileServicesPropertyPage ","%PropertyPage.Service ","? ","org.eclipse.rse.internal.files.ui.propertypages.FileServicesPropertyPage            "
"    org.eclipse.rse.dstore.security","anonymous",FALSE,1,"SUCCESS ","SUCCESS ","SUCCESS ","FAILURE ","FAILURE ","SUCCESS  ","org.eclipse.rse.connectionsecurity.PropertyPage ","%PropertyPage.ServerConnectionSecurity ","? ","org.eclipse.rse.internal.ui.propertypages.ServerConnectionSecurityPropertyPage            "
"    org.eclipse.dltk.debug.ui","anonymous",TRUE,1,"SUCCESS ","SUCCESS ","SUCCESS ","FAILURE ","FAILURE ","SUCCESS  ","org.eclipse.dltk.debug.ui.breakpoints.ScriptLineBreakpointPropertyPage ","%page.name.scriptLineBreakpoint ","? ","org.eclipse.dltk.debug.ui.breakpoints.ScriptLineBreakpointPropertyPage            "
"    org.eclipse.dltk.debug.ui","anonymous",TRUE,2,"SUCCESS ","SUCCESS ","SUCCESS ","FAILURE ","FAILURE ","SUCCESS  ","org.eclipse.dltk.debug.ui.breakpoints.ScriptWatchpointPropertyPage ","%page.name.scriptWatchpoint ","? ","org.eclipse.dltk.debug.ui.breakpoints.ScriptWatchpointPropertyPage            "
"    org.eclipse.dltk.debug.ui","anonymous",TRUE,3,"SUCCESS ","SUCCESS ","SUCCESS ","FAILURE ","FAILURE ","SUCCESS  ","org.eclipse.dltk.debug.ui.breakpoints.ScriptMethodBreakpointPropertyPage ","%page.name.scriptMethodBreakpoint ","? ","org.eclipse.dltk.debug.ui.breakpoints.ScriptMethodBreakpointPropertyPage            "
"    org.eclipse.dltk.debug.ui","anonymous",TRUE,4,"SUCCESS ","SUCCESS ","SUCCESS ","FAILURE ","FAILURE ","SUCCESS  ","org.eclipse.dltk.debug.ui.breakpoints.ScriptExceptionBreakpointPropertyPage ","%page.name.scriptExceptionBreakpoint ","? ","org.eclipse.dltk.debug.ui.breakpoints.ScriptExceptionBreakpointPropertyPage            "
"    org.eclipse.mylyn.tasks.ui","anonymous",FALSE,1,"SUCCESS ","SUCCESS ","SUCCESS ","FAILURE ","FAILURE ","SUCCESS  ","org.eclipse.mylyn.tasks.ui.properties.pages.project.repository ","Task Repository ","? ","org.eclipse.mylyn.internal.tasks.ui.properties.ProjectTaskRepositoryPage            "
"    org.tigris.subversion.subclipse.ui","anonymous",TRUE,1,"SUCCESS ","SUCCESS ","SUCCESS ","FAILURE ","FAILURE ","SUCCESS  ","org.tigris.subversion.subclipse.ui.properties.SVNPropertyPage ","%svnPropertyPage.name ","? ","org.tigris.subversion.subclipse.ui.properties.SVNPropertyPage            "
"    org.tigris.subversion.subclipse.ui","anonymous",TRUE,2,"SUCCESS ","SUCCESS ","SUCCESS ","FAILURE ","FAILURE ","SUCCESS  ","org.tigris.subversion.subclipse.ui.properties.SVNRepositoryPropertiesPage ","%SVN ","? ","org.tigris.subversion.subclipse.ui.properties.SVNRepositoryPropertiesPage            "
"    org.eclipse.jpt.ui","anonymous",FALSE,1,"SUCCESS ","SUCCESS ","SUCCESS ","FAILURE ","FAILURE ","SUCCESS  ","org.eclipse.jpt.ui.jpaProjectPropertiesPage ","%jpaProjectPropertiesPage ","? ","org.eclipse.jpt.ui.internal.properties.JpaProjectPropertiesPage            "
"    org.eclipse.team.cvs.ui","anonymous",TRUE,1,"SUCCESS ","SUCCESS ","SUCCESS ","FAILURE ","FAILURE ","SUCCESS  ","org.eclipse.team.ccvs.ui.propertyPages.CVSFilePropertiesPage ","%CVS ","? ","org.eclipse.team.internal.ccvs.ui.CVSFilePropertiesPage            "
"    org.eclipse.team.cvs.ui","anonymous",TRUE,2,"SUCCESS ","SUCCESS ","SUCCESS ","FAILURE ","FAILURE ","SUCCESS  ","org.eclipse.team.ccvs.ui.propertyPages.CVSFolderPropertiesPage ","%CVS ","? ","org.eclipse.team.internal.ccvs.ui.CVSFolderPropertiesPage            "
"    org.eclipse.team.cvs.ui","anonymous",TRUE,3,"SUCCESS ","SUCCESS ","SUCCESS ","FAILURE ","FAILURE ","SUCCESS  ","org.eclipse.team.ccvs.ui.propertyPages.CVSProjectPropertiesPage ","%CVS ","? ","org.eclipse.team.internal.ccvs.ui.CVSProjectPropertiesPage            "
"    org.eclipse.team.cvs.ui","anonymous",TRUE,4,"SUCCESS ","SUCCESS ","SUCCESS ","FAILURE ","FAILURE ","SUCCESS  ","org.eclipse.team.ccvs.ui.propertyPages.CVSRepositoryPropertiesPage ","%CVS ","? ","org.eclipse.team.internal.ccvs.ui.repo.CVSRepositoryPropertiesPage            "
"    org.eclipse.team.cvs.ui","anonymous",TRUE,5,"SUCCESS ","SUCCESS ","SUCCESS ","FAILURE ","FAILURE ","SUCCESS  ","org.eclipse.team.ccvs.ui.propertyPages.RepositoryEncodingPage ","%ServerEncoding ","? ","org.eclipse.team.internal.ccvs.ui.repo.RepositoryEncodingPropertyPage            "
"    org.eclipse.ui.ide","anonymous",TRUE,1,"SUCCESS ","SUCCESS ","SUCCESS ","FAILURE ","FAILURE ","SUCCESS  ","org.eclipse.ui.propertypages.project.reference ","%PropertyPages.project.reference ","? ","org.eclipse.ui.internal.ide.dialogs.ProjectReferencePage            "
"    org.eclipse.ui.ide","anonymous",TRUE,2,"SUCCESS ","SUCCESS ","SUCCESS ","FAILURE ","FAILURE ","SUCCESS  ","org.eclipse.ui.propertypages.info.file ","%PropertyPages.info.file ","? ","org.eclipse.ui.internal.ide.dialogs.ResourceInfoPage            "
"    org.eclipse.ui.ide","anonymous",TRUE,3,"SUCCESS ","SUCCESS ","SUCCESS ","FAILURE ","FAILURE ","SUCCESS  ","org.eclipse.ui.ide.markerEntry ","%PropertyPage.Markers ","? ","org.eclipse.ui.internal.views.markers.MarkersPropertyPage            "
"    org.eclipse.jdt.ui","anonymous",TRUE,1,"SUCCESS ","SUCCESS ","SUCCESS ","FAILURE ","FAILURE ","SUCCESS  ","org.eclipse.jdt.ui.propertyPages.BuildPathsPropertyPage ","%buildPathPageName ","? ","org.eclipse.jdt.internal.ui.preferences.BuildPathsPropertyPage            "
"    org.eclipse.jdt.ui","anonymous",TRUE,2,"SUCCESS ","SUCCESS ","SUCCESS ","FAILURE ","FAILURE ","SUCCESS  ","org.eclipse.jdt.ui.propertyPages.CodeStylePreferencePage ","%codeStylePageName ","? ","org.eclipse.jdt.internal.ui.preferences.CodeStylePreferencePage            "
"    org.eclipse.jdt.ui","anonymous",TRUE,3,"SUCCESS ","SUCCESS ","SUCCESS ","FAILURE ","FAILURE ","SUCCESS  ","org.eclipse.jdt.ui.propertyPages.ImportOrganizePreferencePage ","%importOrganizePageName ","? ","org.eclipse.jdt.internal.ui.preferences.ImportOrganizePreferencePage            "
"    org.eclipse.jdt.ui","anonymous",TRUE,4,"SUCCESS ","SUCCESS ","SUCCESS ","FAILURE ","FAILURE ","SUCCESS  ","org.eclipse.jdt.ui.propertyPages.CodeFormatterPreferencePage ","%codeFormatterPageName ","? ","org.eclipse.jdt.internal.ui.preferences.CodeFormatterPreferencePage            "
"    org.eclipse.jdt.ui","anonymous",TRUE,5,"SUCCESS ","SUCCESS ","SUCCESS ","FAILURE ","FAILURE ","SUCCESS  ","org.eclipse.jdt.ui.propertyPages.CleanUpPreferencePage ","%cleanUpPageName ","? ","org.eclipse.jdt.internal.ui.preferences.CleanUpPreferencePage            "
"    org.eclipse.jdt.ui","anonymous",TRUE,6,"SUCCESS ","SUCCESS ","SUCCESS ","FAILURE ","FAILURE ","SUCCESS  ","org.eclipse.jdt.ui.propertyPages.CodeTemplatePreferencePage ","%codeTemplatePageName ","? ","org.eclipse.jdt.internal.ui.preferences.CodeTemplatePreferencePage            "
"    org.eclipse.jdt.ui","anonymous",TRUE,7,"SUCCESS ","SUCCESS ","SUCCESS ","FAILURE ","FAILURE ","SUCCESS  ","org.eclipse.jdt.ui.propertyPages.CompliancePreferencePage ","%compliancePageName ","? ","org.eclipse.jdt.internal.ui.preferences.CompliancePreferencePage            "
"    org.eclipse.jdt.ui","anonymous",TRUE,8,"SUCCESS ","SUCCESS ","SUCCESS ","FAILURE ","FAILURE ","SUCCESS  ","org.eclipse.jdt.ui.propertyPages.ProblemSeveritiesPreferencePage ","%problemSeveritiesPageName ","? ","org.eclipse.jdt.internal.ui.preferences.ProblemSeveritiesPreferencePage            "
"    org.eclipse.jdt.ui","anonymous",TRUE,9,"SUCCESS ","SUCCESS ","SUCCESS ","FAILURE ","FAILURE ","SUCCESS  ","org.eclipse.jdt.ui.propertyPages.JavadocProblemsPreferencePage ","%javadocProblemsPageName ","? ","org.eclipse.jdt.internal.ui.preferences.JavadocProblemsPreferencePage            "
"    org.eclipse.jdt.ui","anonymous",TRUE,10,"SUCCESS ","SUCCESS ","SUCCESS ","FAILURE ","FAILURE ","SUCCESS  ","org.eclipse.jdt.ui.propertyPages.JavaBuildPreferencePage ","%builderPageName ","? ","org.eclipse.jdt.internal.ui.preferences.JavaBuildPreferencePage            "
"    org.eclipse.jdt.ui","anonymous",TRUE,11,"SUCCESS ","SUCCESS ","SUCCESS ","FAILURE ","FAILURE ","SUCCESS  ","org.eclipse.jdt.ui.propertyPages.TodoTaskPreferencePage ","%todoPageName ","? ","org.eclipse.jdt.internal.ui.preferences.TodoTaskPreferencePage            "
"    org.eclipse.jdt.ui","anonymous",TRUE,12,"SUCCESS ","SUCCESS ","SUCCESS ","FAILURE ","FAILURE ","SUCCESS  ","org.eclipse.jdt.ui.propertyPages.SourceAttachmentPage ","%sourceAttachmentPageName ","? ","org.eclipse.jdt.internal.ui.preferences.SourceAttachmentPropertyPage            "
"    org.eclipse.jdt.ui","anonymous",TRUE,13,"SUCCESS ","SUCCESS ","SUCCESS ","FAILURE ","FAILURE ","SUCCESS  ","org.eclipse.jdt.ui.preferences.JavadocConfigurationPropertyPage0 ","%javadocLocationPageName ","? ","org.eclipse.jdt.internal.ui.preferences.JavadocConfigurationPropertyPage            "
"    org.eclipse.jdt.ui","anonymous",TRUE,14,"SUCCESS ","SUCCESS ","SUCCESS ","FAILURE ","FAILURE ","SUCCESS  ","org.eclipse.jdt.ui.preferences.JavadocConfigurationPropertyPage1 ","%javadocLocationPageName ","? ","org.eclipse.jdt.internal.ui.preferences.JavadocConfigurationPropertyPage            "
"    org.eclipse.jdt.ui","anonymous",TRUE,15,"SUCCESS ","SUCCESS ","SUCCESS ","FAILURE ","FAILURE ","SUCCESS  ","org.eclipse.jdt.ui.preferences.NativeLibrariesPropertyPage ","%nativeLibraryPageName ","? ","org.eclipse.jdt.internal.ui.preferences.NativeLibrariesPropertyPage            "
"    org.eclipse.jdt.ui","anonymous",TRUE,16,"SUCCESS ","SUCCESS ","SUCCESS ","FAILURE ","FAILURE ","SUCCESS  ","org.eclipse.jdt.ui.propertyPages.JavaEditorPropertyPage ","%editorPageName ","? ","org.eclipse.jdt.internal.ui.preferences.JavaEditorPropertyPage            "
"    org.eclipse.jdt.ui","anonymous",TRUE,17,"SUCCESS ","SUCCESS ","SUCCESS ","FAILURE ","FAILURE ","SUCCESS  ","org.eclipse.jdt.ui.propertyPages.SaveParticipantPreferencePage ","%editorSaveParticipants ","? ","org.eclipse.jdt.internal.ui.preferences.SaveParticipantPreferencePage            "
"    org.eclipse.jdt.ui","anonymous",TRUE,18,"SUCCESS ","SUCCESS ","SUCCESS ","FAILURE ","FAILURE ","SUCCESS  ","org.eclipse.jdt.ui.propertyPages.ClasspathContainerPreferencePage ","%classpathContainerPageName ","? ","org.eclipse.jdt.internal.ui.preferences.ClasspathContainerPreferencePage            "
"    org.eclipse.wst.server.ui","anonymous",TRUE,1,"SUCCESS ","SUCCESS ","SUCCESS ","FAILURE ","FAILURE ","SUCCESS  ","org.eclipse.wst.server.ui.project.properties ","%propertiesServer ","? ","org.eclipse.wst.server.ui.internal.ProjectPropertyPage            "
"    org.eclipse.wst.server.ui","anonymous",TRUE,2,"SUCCESS ","SUCCESS ","SUCCESS ","FAILURE ","FAILURE ","SUCCESS  ","org.eclipse.wst.server.ui.properties ","%propertiesServerInfo ","? ","org.eclipse.wst.server.ui.internal.ServerPropertyPage            "
"    org.eclipse.wst.server.ui","anonymous",TRUE,3,"SUCCESS ","SUCCESS ","SUCCESS ","FAILURE ","FAILURE ","SUCCESS  ","org.eclipse.wst.server.ui.properties.monitor ","%propertiesMonitor ","? ","org.eclipse.wst.server.ui.internal.view.servers.MonitorPropertyPage            "
"    org.eclipse.wst.html.ui","anonymous",TRUE,1,"SUCCESS ","SUCCESS ","SUCCESS ","FAILURE ","FAILURE ","SUCCESS  ","org.eclipse.wst.html.ui.dynamicprojectpropertypage ","%WebContentSettings.name ","? ","org.eclipse.wst.html.ui.internal.contentproperties.ui.ProjectWebContentSettingsPropertyPage            "
"    org.eclipse.wst.html.ui","anonymous",TRUE,2,"SUCCESS ","SUCCESS ","SUCCESS ","FAILURE ","FAILURE ","SUCCESS  ","org.eclipse.wst.html.ui.internal.contentproperties.ui.WebContentSettingsPropertyPage ","%WebContentSettings.name ","? ","org.eclipse.wst.html.ui.internal.contentproperties.ui.WebContentSettingsPropertyPage            "
"    org.eclipse.wst.html.ui","anonymous",TRUE,3,"SUCCESS ","SUCCESS ","SUCCESS ","FAILURE ","FAILURE ","SUCCESS  ","org.eclipse.wst.html.ui.propertyPage.project.validation ","%HTML_Property_validation ","? ","org.eclipse.wst.html.ui.internal.preferences.ui.HTMLValidationPreferencePage            "
"    org.eclipse.datatools.connectivity.oda.flatfile.ui","anonymous",FALSE,1,"SUCCESS ","SUCCESS ","SUCCESS ","FAILURE ","FAILURE ","SUCCESS  ","%oda.data.source.id ","%profile.propertypage.name ","? ","org.eclipse.datatools.connectivity.oda.flatfile.ui.wizards.FolderPropertyPage            "
"    org.eclipse.jst.jsp.ui","anonymous",TRUE,1,"SUCCESS ","SUCCESS ","SUCCESS ","FAILURE ","FAILURE ","SUCCESS  ","org.eclipse.jst.jsp.ui.internal.contentproperties.ProjectJSPFContentSettingsPropertyPage ","%JSPFragmentContentSettings.name ","? ","org.eclipse.jst.jsp.ui.internal.contentproperties.ui.ProjectJSPFContentSettingsPropertyPage            "
"    org.eclipse.jst.jsp.ui","anonymous",TRUE,2,"SUCCESS ","SUCCESS ","SUCCESS ","FAILURE ","FAILURE ","SUCCESS  ","org.eclipse.jst.jsp.ui.internal.contentproperties.JSPFContentSettingsPropertyPage ","%JSPFragmentContentSettings.name ","? ","org.eclipse.jst.jsp.ui.internal.contentproperties.ui.JSPFContentSettingsPropertyPage            "
"    org.eclipse.jst.jsp.ui","anonymous",TRUE,3,"SUCCESS ","SUCCESS ","SUCCESS ","FAILURE ","FAILURE ","SUCCESS  ","org.eclipse.jst.jsp.ui.propertyPage.project.validation ","%JSP_Property_validation ","? ","org.eclipse.jst.jsp.ui.internal.preferences.ui.JSPValidationPreferencePage            "
"    org.eclipse.datatools.enablement.msft.sqlserver.ui","anonymous",FALSE,1,"SUCCESS ","SUCCESS ","SUCCESS ","FAILURE ","FAILURE ","SUCCESS  ","org.eclipse.datatools.enablement.msft.sqlserver.profileProperties ","%profile.sqlserver.properties ","? ","org.eclipse.datatools.enablement.msft.sqlserver.internal.ui.connection.SQLServerDBProfilePropertyPage            "
"    org.eclipse.jem.ui","anonymous",TRUE,1,"SUCCESS ","SUCCESS ","SUCCESS ","FAILURE ","FAILURE ","SUCCESS  ","BeaninfoPropertiesPage ","%BeaninfoPath_Title_UI_ ","? ","org.eclipse.jem.internal.beaninfo.ui.BeaninfosPropertyPage            "
"    org.eclipse.jem.ui","anonymous",TRUE,2,"SUCCESS ","SUCCESS ","SUCCESS ","FAILURE ","FAILURE ","SUCCESS  ","BeaninfoPropertiesPage ","%BeaninfoPath_Title_UI_ ","? ","org.eclipse.jem.internal.beaninfo.ui.BeaninfosPropertyPage            "
"    org.eclipse.wst.sse.ui","anonymous",FALSE,1,"SUCCESS ","SUCCESS ","SUCCESS ","FAILURE ","FAILURE ","SUCCESS  ","org.eclipse.wst.sse.ui.project.properties.tasktags ","%Task_Tags_Preferences.name ","? ","org.eclipse.wst.sse.ui.internal.preferences.ui.TaskTagPreferencePage            "
"    org.eclipse.datatools.connectivity.sqm.core.ui","anonymous",TRUE,1,"SUCCESS ","SUCCESS ","SUCCESS ","FAILURE ","FAILURE ","SUCCESS  ","org.eclipse.datatools.connectivity.sqm.core.internal.ui.explorer.filter.SchemaFilterPropertyPage ","%DEFAULT_SCHEMA_FILTER_PROPERTY_PAGE_NAME ","? ","org.eclipse.datatools.connectivity.sqm.core.internal.ui.explorer.filter.SchemaFilterPropertyPage            "
"    org.eclipse.datatools.connectivity.sqm.core.ui","anonymous",TRUE,2,"SUCCESS ","SUCCESS ","SUCCESS ","FAILURE ","FAILURE ","SUCCESS  ","org.eclipse.datatools.connectivity.sqm.core.internal.ui.explorer.filter.DefaultTableFilterPropertyPage ","%DEFAULT_TABLE_FILTER_PROPERTY_PAGE_NAME ","? ","org.eclipse.datatools.connectivity.sqm.core.internal.ui.explorer.filter.DefaultTableFilterPropertyPage            "
"    org.eclipse.datatools.connectivity.sqm.core.ui","anonymous",TRUE,3,"SUCCESS ","SUCCESS ","SUCCESS ","FAILURE ","FAILURE ","SUCCESS  ","org.eclipse.datatools.connectivity.sqm.core.internal.ui.explorer.filter.DefaultSPFilterPropertyPage ","%DEFAULT_STORED_PROCEDURE_FILTER_PROPERTY_PAGE_NAME ","? ","org.eclipse.datatools.connectivity.sqm.core.internal.ui.explorer.filter.DefaultSPFilterPropertyPage            "
"    org.eclipse.datatools.connectivity.sqm.core.ui","anonymous",TRUE,4,"SUCCESS ","SUCCESS ","SUCCESS ","FAILURE ","FAILURE ","SUCCESS  ","org.eclipse.datatools.connectivity.sqm.core.internal.ui.explorer.filter.FilterNodeFilterPropertyPage ","%FILTER_SETTINGS_PROPERTY_PAGE_NAME ","? ","org.eclipse.datatools.connectivity.sqm.core.internal.ui.explorer.filter.FilterNodeFilterPropertyPage            "
"    org.eclipse.datatools.connectivity.apache.derby.ui","anonymous",FALSE,1,"SUCCESS ","SUCCESS ","SUCCESS ","FAILURE ","FAILURE ","SUCCESS  ","org.eclipse.datatools.connectivity.db.derby.profileProperties ","%DERBY_EMBEDDED_DB_PROPERTY_PAGE_NAME ","? ","org.eclipse.datatools.connectivity.apache.derby.internal.ui.connection.DerbyEmbeddedDBPropertyPage            "
"    org.eclipse.datatools.connectivity.ui","anonymous",TRUE,1,"SUCCESS ","SUCCESS ","SUCCESS ","FAILURE ","FAILURE ","SUCCESS  ","org.eclipse.datatools.connectivity.internal.ui.properties.ProfileGeneralPropertyPage ","%Extension.PropertyPage.General.Name ","? ","org.eclipse.datatools.connectivity.internal.ui.wizards.CPPropetyPage            "
"    org.eclipse.datatools.connectivity.ui","anonymous",TRUE,2,"SUCCESS ","SUCCESS ","SUCCESS ","FAILURE ","FAILURE ","SUCCESS  ","org.eclipse.datatools.connectivity.internal.ui.properties.ProfileVersionPropertyPage ","%Extension.PropertyPage.Version.Name ","? ","org.eclipse.datatools.connectivity.internal.ui.wizards.CPVersionPropertyPage            "
"    org.eclipse.jst.j2ee.ejb.annotations.xdoclet","anonymous",TRUE,1,"SUCCESS ","SUCCESS ","SUCCESS ","FAILURE ","FAILURE ","SUCCESS  ","XDocletPropertiesPage ","%XDocletPropertiesPage.name ","? ","org.eclipse.jst.j2ee.ejb.annotations.internal.xdoclet.ui.XDocletPreferencePage            "
"    org.eclipse.jst.j2ee.ejb.annotations.xdoclet","anonymous",TRUE,2,"SUCCESS ","SUCCESS ","SUCCESS ","FAILURE ","FAILURE ","SUCCESS  ","XDocletEJBPropertiesPage ","%XDocletEJBPropertiesPage.name ","? ","org.eclipse.jst.j2ee.ejb.annotations.internal.xdoclet.ui.XDocletEJBPreferencePage            "
"    org.eclipse.jst.j2ee.ejb.annotations.xdoclet","anonymous",TRUE,3,"SUCCESS ","SUCCESS ","SUCCESS ","FAILURE ","FAILURE ","SUCCESS  ","XDocletWebPropertiesPage ","%XDocletWebPropertiesPage.name ","? ","org.eclipse.jst.j2ee.ejb.annotations.internal.xdoclet.ui.XDocletWebPreferencePage            "
"    org.eclipse.team.svn.ui","anonymous",FALSE,1,"SUCCESS ","SUCCESS ","SUCCESS ","FAILURE ","FAILURE ","SUCCESS  ","org.eclipse.team.svn.ui.info.LocalInfoPage ","%LocalInfoPage.name ","? ","org.eclipse.team.svn.ui.info.LocalInfoPage            "
"    org.eclipse.datatools.enablement.sybase.ase.ui","anonymous",FALSE,1,"SUCCESS ","SUCCESS ","SUCCESS ","FAILURE ","FAILURE ","SUCCESS  ","com.sybase.stf.servers.jdbc.ase2.profileProperties ","%profile.ase.properties ","? ","org.eclipse.datatools.enablement.sybase.ase.internal.ui.connection.ASEDBPropertyPage            "
"    org.eclipse.datatools.enablement.ibm.db2.zseries.ui","anonymous",FALSE,1,"SUCCESS ","SUCCESS ","SUCCESS ","FAILURE ","FAILURE ","SUCCESS  ","org.eclipse.datatools.enablement.ibm.db2.zseries.profileProperties ","%profile.db2.zseries.properties ","? ","org.eclipse.datatools.enablement.ibm.db2.zseries.internal.ui.ZSeriesDBProfilePropertyPage            "
"    org.eclipse.cdt.ui","anonymous",TRUE,1,"SUCCESS ","SUCCESS ","SUCCESS ","FAILURE ","FAILURE ","SUCCESS  ","org.eclipse.cdt.ui.newui.Page_head_general ","%page.c.general ","? ","org.eclipse.cdt.ui.newui.Page_head_general            "
"    org.eclipse.cdt.ui","anonymous",TRUE,2,"SUCCESS ","SUCCESS ","SUCCESS ","FAILURE ","FAILURE ","SUCCESS  ","org.eclipse.cdt.ui.indexer ","%CDTIndexerProperty.name ","? ","org.eclipse.cdt.ui.dialogs.IndexerOptionPropertyPage            "
"    org.eclipse.cdt.ui","anonymous",TRUE,3,"SUCCESS ","SUCCESS ","SUCCESS ","FAILURE ","FAILURE ","SUCCESS  ","org.eclipse.cdt.ui.fileTypes ","%CDTFileTypesProperty.name ","? ","org.eclipse.cdt.internal.ui.preferences.CFileTypesPropertyPage            "
"    org.eclipse.cdt.ui","anonymous",TRUE,4,"SUCCESS ","SUCCESS ","SUCCESS ","FAILURE ","FAILURE ","SUCCESS  ","org.eclipse.cdt.ui.cHelp ","%CDTHelpProperty.name ","? ","org.eclipse.cdt.ui.dialogs.CHelpConfigurationPropertyPage            "
"    org.eclipse.cdt.ui","anonymous",TRUE,5,"SUCCESS ","SUCCESS ","SUCCESS ","FAILURE ","FAILURE ","SUCCESS  ","org.eclipse.cdt.ui.projectLanguageMappings ","%CDTLanguagesProperty.name ","? ","org.eclipse.cdt.internal.ui.language.ProjectLanguageMappingPropertyPage            "
"    org.eclipse.cdt.ui","anonymous",TRUE,6,"SUCCESS ","SUCCESS ","SUCCESS ","FAILURE ","FAILURE ","SUCCESS  ","org.eclipse.cdt.ui.fileLanguageMappings ","%CDTLanguagesProperty.name ","? ","org.eclipse.cdt.internal.ui.language.FileLanguageMappingPropertyPage            "
"    org.eclipse.cdt.ui","anonymous",TRUE,7,"SUCCESS ","SUCCESS ","SUCCESS ","FAILURE ","FAILURE ","SUCCESS  ","org.eclipse.cdt.ui.propertyPages.CodeFormatterPreferencePage ","%CodeFormatterPreferencePage.name ","? ","org.eclipse.cdt.internal.ui.preferences.CodeFormatterPreferencePage            "
"    org.eclipse.birt.report.designer.ui","anonymous",TRUE,1,"SUCCESS ","SUCCESS ","SUCCESS ","FAILURE ","FAILURE ","SUCCESS  ","org.eclipse.birt.report.designer.ui.preferences ","%preference.birt ","? ","org.eclipse.birt.report.designer.ui.preferences.GeneralPreferencePage            "
"    org.eclipse.birt.report.designer.ui","anonymous",TRUE,2,"SUCCESS ","SUCCESS ","SUCCESS ","FAILURE ","FAILURE ","SUCCESS  ","org.eclipse.birt.report.designer.ui.preferences.CommentTemplatesPreferencePage ","%preference.commenttemplates ","? ","org.eclipse.birt.report.designer.ui.preferences.CommentTemplatesPreferencePage            "
"    org.eclipse.birt.report.designer.ui","anonymous",TRUE,3,"SUCCESS ","SUCCESS ","SUCCESS ","FAILURE ","FAILURE ","SUCCESS  ","org.eclipse.birt.report.designer.ui.preferences.ResourcePreferencePage ","%preference.resource ","? ","org.eclipse.birt.report.designer.ui.preferences.ResourcePreferencePage            "
"    org.eclipse.birt.report.designer.ui","anonymous",TRUE,4,"SUCCESS ","SUCCESS ","SUCCESS ","FAILURE ","FAILURE ","SUCCESS  ","org.eclipse.birt.report.designer.ui.preferences.TemplatePreferencePage ","%preference.template ","? ","org.eclipse.birt.report.designer.ui.preferences.TemplatePreferencePage            "
"    org.eclipse.birt.report.designer.ui","anonymous",TRUE,5,"SUCCESS ","SUCCESS ","SUCCESS ","FAILURE ","FAILURE ","SUCCESS  ","org.eclipse.birt.report.designer.ui.preferences.ElementNamesPreferencePage ","%preference.elementnames ","? ","org.eclipse.birt.report.designer.ui.preferences.ElementNamesPreferencePage            "
"    org.eclipse.birt.report.designer.ui","anonymous",TRUE,6,"SUCCESS ","SUCCESS ","SUCCESS ","FAILURE ","FAILURE ","SUCCESS  ","org.eclipse.birt.report.designer.ui.preferences.BidiPropertiesPreferencePage ","%preference.bidiproperties ","? ","org.eclipse.birt.report.designer.ui.preferences.BidiPropertiesPreferencePage            "
"    org.eclipse.wst.validation.ui","anonymous",FALSE,1,"SUCCESS ","SUCCESS ","SUCCESS ","FAILURE ","FAILURE ","SUCCESS  ","ValidationPropertiesPage ","%VBF_TITLE_PROPERTIES ","? ","org.eclipse.wst.validation.ui.internal.preferences.ValidationPropertyPage            "
"    org.eclipse.ltk.ui.refactoring","anonymous",FALSE,1,"SUCCESS ","SUCCESS ","SUCCESS ","FAILURE ","FAILURE ","SUCCESS  ","org.eclipse.ltk.ui.refactoring.property.page ","%RefactoringPropertyPage_name ","? ","org.eclipse.ltk.internal.ui.refactoring.history.RefactoringPropertyPage            "
"    org.eclipse.datatools.enablement.oda.xml.ui","anonymous",FALSE,1,"SUCCESS ","SUCCESS ","SUCCESS ","FAILURE ","FAILURE ","SUCCESS  ","%oda.data.source.id ","%profile.propertypage.name ","? ","org.eclipse.datatools.enablement.oda.xml.ui.wizards.XMLPropertyPage            "
"    org.eclipse.debug.ui","anonymous",TRUE,1,"SUCCESS ","SUCCESS ","SUCCESS ","FAILURE ","FAILURE ","SUCCESS  ","org.eclipse.debug.ui.properties.process ","%processPropertyPageName ","? ","org.eclipse.debug.internal.ui.preferences.ProcessPropertyPage            "
"    org.eclipse.debug.ui","anonymous",TRUE,2,"SUCCESS ","SUCCESS ","SUCCESS ","FAILURE ","FAILURE ","SUCCESS  ","org.eclipse.debug.ui.properties.tablerendering ","%TableRenderingInfo.label ","? ","org.eclipse.debug.internal.ui.views.memory.renderings.TableRenderingPropertiesPage            "
"    org.eclipse.debug.ui","anonymous",TRUE,3,"SUCCESS ","SUCCESS ","SUCCESS ","FAILURE ","FAILURE ","SUCCESS  ","org.eclipse.debug.ui.properties.defaultLaunchConfigurations ","%DefaultLaunchConfigurationsPropPage.name ","? ","org.eclipse.debug.internal.ui.preferences.RunDebugPropertiesPage            "
"    org.eclipse.mylyn.team.ui","anonymous",FALSE,1,"SUCCESS ","SUCCESS ","SUCCESS ","FAILURE ","FAILURE ","SUCCESS  ","org.eclipse.mylyn.tasks.ui.properties.pages.project.team ","Commit Template ","? ","org.eclipse.mylyn.internal.team.ui.properties.ProjectTeamPage            "
"    org.eclipse.datatools.enablement.sybase.asa.ui","anonymous",FALSE,1,"SUCCESS ","SUCCESS ","SUCCESS ","FAILURE ","FAILURE ","SUCCESS  ","org.eclipse.datatools.enablement.sybase.asa.profileProperties ","%profile.asa.properties ","? ","org.eclipse.datatools.enablement.sybase.asa.internal.ui.connection.ASADBPropertyPage            "
"    org.eclipse.jdt.apt.ui","anonymous",TRUE,1,"SUCCESS ","SUCCESS ","SUCCESS ","FAILURE ","FAILURE ","SUCCESS  ","org.eclipse.jdt.apt.ui.propertyPages.aptPreferences ","%annotationProcessingName ","? ","org.eclipse.jdt.apt.ui.internal.preferences.AptPreferencePage            "
"    org.eclipse.jdt.apt.ui","anonymous",TRUE,2,"SUCCESS ","SUCCESS ","SUCCESS ","FAILURE ","FAILURE ","SUCCESS  ","org.eclipse.jdt.apt.ui.propertyPages.factoryPathPreferences ","%factoryPathName ","? ","org.eclipse.jdt.apt.ui.internal.preferences.FactoryPathPreferencePage            "
"    org.eclipse.birt.chart.reportitem.ui","anonymous",FALSE,1,"SUCCESS ","SUCCESS ","SUCCESS ","FAILURE ","FAILURE ","SUCCESS  ","org.eclipse.birt.chart.reportitem.ui.ChartPreferencePage ","%preference.chart ","? ","org.eclipse.birt.chart.reportitem.ui.ChartPreferencePage            "
"    org.eclipse.ui","anonymous",FALSE,1,"SUCCESS ","SUCCESS ","SUCCESS ","FAILURE ","FAILURE ","SUCCESS  ","org.eclipse.ui.workingSetsPropertyPage ","%PropertyPage.workingSets.name ","? ","org.eclipse.ui.internal.preferences.WorkingSetPropertyPage            "
"    org.eclipse.jst.j2ee.ui","anonymous",TRUE,1,"SUCCESS ","SUCCESS ","SUCCESS ","FAILURE ","FAILURE ","SUCCESS  ","org.eclipse.jst.j2ee.internal.J2EEDependenciesPage ","%J2EEDependenciesPage.name ","? ","org.eclipse.jst.j2ee.internal.J2EEDependenciesPage            "
"    org.eclipse.jst.j2ee.ui","anonymous",TRUE,2,"SUCCESS ","SUCCESS ","SUCCESS ","FAILURE ","FAILURE ","SUCCESS  ","J2EEPropertiesPage ","%Web_Project_Settings ","? ","org.eclipse.jst.j2ee.internal.ui.J2EEPropertiesPage            "
"    org.eclipse.wst.jsdt.ui","anonymous",TRUE,1,"SUCCESS ","SUCCESS ","SUCCESS ","FAILURE ","FAILURE ","SUCCESS  ","org.eclipse.wst.jsdt.internal.ui.preferences.JavaScriptMainPage ","%javaScriptPropertiesPageName ","? ","org.eclipse.wst.jsdt.internal.ui.preferences.JavaScriptMainPage            "
"    org.eclipse.wst.jsdt.ui","anonymous",TRUE,2,"SUCCESS ","SUCCESS ","SUCCESS ","FAILURE ","FAILURE ","SUCCESS  ","org.eclipse.wst.jsdt.ui.propertyPages.BuildPathsPropertyPage ","%buildPathPageName ","? ","org.eclipse.wst.jsdt.internal.ui.preferences.BuildPathsPropertyPage            "
"    org.eclipse.wst.jsdt.ui","anonymous",TRUE,3,"SUCCESS ","SUCCESS ","SUCCESS ","FAILURE ","FAILURE ","SUCCESS  ","org.eclipse.wst.jsdt.ui.propertyPages.CodeStylePreferencePage ","%codeStylePageName ","? ","org.eclipse.wst.jsdt.internal.ui.preferences.CodeStylePreferencePage            "
"    org.eclipse.wst.jsdt.ui","anonymous",TRUE,4,"SUCCESS ","SUCCESS ","SUCCESS ","FAILURE ","FAILURE ","SUCCESS  ","org.eclipse.wst.jsdt.ui.propertyPages.ImportOrganizePreferencePage ","%importOrganizePageName ","? ","org.eclipse.wst.jsdt.internal.ui.preferences.ImportOrganizePreferencePage            "
"    org.eclipse.wst.jsdt.ui","anonymous",TRUE,5,"SUCCESS ","SUCCESS ","SUCCESS ","FAILURE ","FAILURE ","SUCCESS  ","org.eclipse.wst.jsdt.ui.propertyPages.CodeFormatterPreferencePage ","%codeFormatterPageName ","? ","org.eclipse.wst.jsdt.internal.ui.preferences.CodeFormatterPreferencePage            "
"    org.eclipse.wst.jsdt.ui","anonymous",TRUE,6,"SUCCESS ","SUCCESS ","SUCCESS ","FAILURE ","FAILURE ","SUCCESS  ","org.eclipse.wst.jsdt.ui.propertyPages.CleanUpPreferencePage ","%cleanUpPageName ","? ","org.eclipse.wst.jsdt.internal.ui.preferences.CleanUpPreferencePage            "
"    org.eclipse.wst.jsdt.ui","anonymous",TRUE,7,"SUCCESS ","SUCCESS ","SUCCESS ","FAILURE ","FAILURE ","SUCCESS  ","org.eclipse.wst.jsdt.ui.propertyPages.CodeTemplatePreferencePage ","%codeTemplatePageName ","? ","org.eclipse.wst.jsdt.internal.ui.preferences.CodeTemplatePreferencePage            "
"    org.eclipse.wst.jsdt.ui","anonymous",TRUE,8,"SUCCESS ","SUCCESS ","SUCCESS ","FAILURE ","FAILURE ","SUCCESS  ","org.eclipse.wst.jsdt.ui.propertyPages.CompliancePreferencePage ","%compliancePageName ","? ","org.eclipse.wst.jsdt.internal.ui.preferences.CompliancePreferencePage            "
"    org.eclipse.wst.jsdt.ui","anonymous",TRUE,9,"SUCCESS ","SUCCESS ","SUCCESS ","FAILURE ","FAILURE ","SUCCESS  ","org.eclipse.wst.jsdt.ui.propertyPages.ProblemSeveritiesPreferencePage ","%problemSeveritiesPageName ","? ","org.eclipse.wst.jsdt.internal.ui.preferences.ProblemSeveritiesPreferencePage            "
"    org.eclipse.wst.jsdt.ui","anonymous",TRUE,10,"SUCCESS ","SUCCESS ","SUCCESS ","FAILURE ","FAILURE ","SUCCESS  ","org.eclipse.wst.jsdt.ui.propertyPages.JavadocProblemsPreferencePage ","%javadocProblemsPageName ","? ","org.eclipse.wst.jsdt.internal.ui.preferences.JavadocProblemsPreferencePage            "
"    org.eclipse.wst.jsdt.ui","anonymous",TRUE,11,"SUCCESS ","SUCCESS ","SUCCESS ","FAILURE ","FAILURE ","SUCCESS  ","org.eclipse.wst.jsdt.ui.propertyPages.JavaBuildPreferencePage ","%builderPageName ","? ","org.eclipse.wst.jsdt.internal.ui.preferences.JavaBuildPreferencePage            "
"    org.eclipse.wst.jsdt.ui","anonymous",TRUE,12,"SUCCESS ","SUCCESS ","SUCCESS ","FAILURE ","FAILURE ","SUCCESS  ","org.eclipse.wst.jsdt.ui.propertyPages.TodoTaskPreferencePage ","%todoPageName ","? ","org.eclipse.wst.jsdt.internal.ui.preferences.TodoTaskPreferencePage            "
"    org.eclipse.wst.jsdt.ui","anonymous",TRUE,13,"SUCCESS ","SUCCESS ","SUCCESS ","FAILURE ","FAILURE ","SUCCESS  ","org.eclipse.wst.jsdt.ui.propertyPages.SourceAttachmentPage ","%sourceAttachmentPageName ","? ","org.eclipse.wst.jsdt.internal.ui.preferences.SourceAttachmentPropertyPage            "
"    org.eclipse.wst.jsdt.ui","anonymous",TRUE,14,"SUCCESS ","SUCCESS ","SUCCESS ","FAILURE ","FAILURE ","SUCCESS  ","org.eclipse.wst.jsdt.ui.preferences.JavadocConfigurationPropertyPage0 ","%javadocLocationPageName ","? ","org.eclipse.wst.jsdt.internal.ui.preferences.JavadocConfigurationPropertyPage            "
"    org.eclipse.wst.jsdt.ui","anonymous",TRUE,15,"SUCCESS ","SUCCESS ","SUCCESS ","FAILURE ","FAILURE ","SUCCESS  ","org.eclipse.wst.jsdt.ui.preferences.JavadocConfigurationPropertyPage1 ","%javadocLocationPageName ","? ","org.eclipse.wst.jsdt.internal.ui.preferences.JavadocConfigurationPropertyPage            "
"    org.eclipse.wst.jsdt.ui","anonymous",TRUE,16,"SUCCESS ","SUCCESS ","SUCCESS ","FAILURE ","FAILURE ","SUCCESS  ","org.eclipse.wst.jsdt.ui.propertyPages.JavaEditorPropertyPage ","%editorPageName ","? ","org.eclipse.wst.jsdt.internal.ui.preferences.JavaEditorPropertyPage            "
"    org.eclipse.wst.jsdt.ui","anonymous",TRUE,17,"SUCCESS ","SUCCESS ","SUCCESS ","FAILURE ","FAILURE ","SUCCESS  ","org.eclipse.wst.jsdt.ui.propertyPages.SaveParticipantPreferencePage ","%editorSaveParticipants ","? ","org.eclipse.wst.jsdt.internal.ui.preferences.SaveParticipantPreferencePage            "
